"";"clade1";"clade2";"nrow.Clade1toClade2.";"MeanClade1toClade2";"sdClade1toClade2"
"1";"00_IE_PIE";"00_IE_PIE";0;NA;NA
"2";"00_IE_PIE";"01_IE_Tocharian";0;NA;NA
"3";"00_IE_PIE";"02_IE_Indo_Aryan";0;NA;NA
"4";"00_IE_PIE";"03_IE_Iranian";0;NA;NA
"5";"00_IE_PIE";"04_IE_Baltic";0;NA;NA
"6";"00_IE_PIE";"05_IE_Slavic";0;NA;NA
"7";"00_IE_PIE";"06_IE_Germanic";0;NA;NA
"8";"00_IE_PIE";"07_IE_Celtic";0;NA;NA
"9";"00_IE_PIE";"08_IE_Romance";0;NA;NA
"10";"00_IE_PIE";"08_IE_Sard_Romance";0;NA;NA
"11";"00_IE_PIE";"08_IE_East_Romance";0;NA;NA
"12";"00_IE_PIE";"09_IE_Greek";0;NA;NA
"13";"00_IE_PIE";"10_IE_Albanian";0;NA;NA
"14";"00_IE_PIE";"11_IE_Armenian";0;NA;NA
"15";"00_IE_PIE";"12_IE_Anatolian";0;NA;NA
"16";"00_IE_PIE";"20_AA_Semitic";0;NA;NA
"17";"00_IE_PIE";"21_AA_Berber";0;NA;NA
"18";"00_IE_PIE";"23_AA_Chadic";0;NA;NA
"19";"00_IE_PIE";"24_AA_Cushitic";0;NA;NA
"20";"00_IE_PIE";"25_AA_Omotic";0;NA;NA
"21";"00_IE_PIE";"30_AL_Mongolic";0;NA;NA
"22";"00_IE_PIE";"31_AL_Turkic";0;NA;NA
"23";"00_IE_PIE";"32_TU_Tungusic";0;NA;NA
"24";"00_IE_PIE";"33_UR_Uralic";0;NA;NA
"25";"00_IE_PIE";"50_CA_NE_Caucasian";0;NA;NA
"26";"00_IE_PIE";"50_CA_NW_Caucasian";0;NA;NA
"27";"00_IE_PIE";"51_KA_Kartvelian";0;NA;NA
"28";"00_IE_PIE";"60_DR_Dravidian";0;NA;NA
"29";"00_IE_PIE";"40_MP_Malay";0;NA;NA
"30";"00_IE_PIE";"41_MP_Polynesian";0;NA;NA
"31";"00_IE_PIE";"52_ST_Sino_Tibetan";0;NA;NA
"32";"00_IE_PIE";"55_AU_Austroasiatic";0;NA;NA
"33";"00_IE_PIE";"53_TK_Tai_Kadai";0;NA;NA
"34";"00_IE_PIE";"Dummy";0;NA;NA
"35";"01_IE_Tocharian";"00_IE_PIE";0;NA;NA
"36";"01_IE_Tocharian";"01_IE_Tocharian";0;NA;NA
"37";"01_IE_Tocharian";"02_IE_Indo_Aryan";0;NA;NA
"38";"01_IE_Tocharian";"03_IE_Iranian";0;NA;NA
"39";"01_IE_Tocharian";"04_IE_Baltic";0;NA;NA
"40";"01_IE_Tocharian";"05_IE_Slavic";0;NA;NA
"41";"01_IE_Tocharian";"06_IE_Germanic";0;NA;NA
"42";"01_IE_Tocharian";"07_IE_Celtic";0;NA;NA
"43";"01_IE_Tocharian";"08_IE_Romance";0;NA;NA
"44";"01_IE_Tocharian";"08_IE_Sard_Romance";0;NA;NA
"45";"01_IE_Tocharian";"08_IE_East_Romance";0;NA;NA
"46";"01_IE_Tocharian";"09_IE_Greek";0;NA;NA
"47";"01_IE_Tocharian";"10_IE_Albanian";0;NA;NA
"48";"01_IE_Tocharian";"11_IE_Armenian";0;NA;NA
"49";"01_IE_Tocharian";"12_IE_Anatolian";0;NA;NA
"50";"01_IE_Tocharian";"20_AA_Semitic";0;NA;NA
"51";"01_IE_Tocharian";"21_AA_Berber";0;NA;NA
"52";"01_IE_Tocharian";"23_AA_Chadic";0;NA;NA
"53";"01_IE_Tocharian";"24_AA_Cushitic";0;NA;NA
"54";"01_IE_Tocharian";"25_AA_Omotic";0;NA;NA
"55";"01_IE_Tocharian";"30_AL_Mongolic";0;NA;NA
"56";"01_IE_Tocharian";"31_AL_Turkic";0;NA;NA
"57";"01_IE_Tocharian";"32_TU_Tungusic";0;NA;NA
"58";"01_IE_Tocharian";"33_UR_Uralic";0;NA;NA
"59";"01_IE_Tocharian";"50_CA_NE_Caucasian";0;NA;NA
"60";"01_IE_Tocharian";"50_CA_NW_Caucasian";0;NA;NA
"61";"01_IE_Tocharian";"51_KA_Kartvelian";0;NA;NA
"62";"01_IE_Tocharian";"60_DR_Dravidian";0;NA;NA
"63";"01_IE_Tocharian";"40_MP_Malay";0;NA;NA
"64";"01_IE_Tocharian";"41_MP_Polynesian";0;NA;NA
"65";"01_IE_Tocharian";"52_ST_Sino_Tibetan";0;NA;NA
"66";"01_IE_Tocharian";"55_AU_Austroasiatic";0;NA;NA
"67";"01_IE_Tocharian";"53_TK_Tai_Kadai";0;NA;NA
"68";"01_IE_Tocharian";"Dummy";0;NA;NA
"69";"02_IE_Indo_Aryan";"00_IE_PIE";0;NA;NA
"70";"02_IE_Indo_Aryan";"01_IE_Tocharian";0;NA;NA
"71";"02_IE_Indo_Aryan";"02_IE_Indo_Aryan";380;38,3581578947368;17,5483434266559
"72";"02_IE_Indo_Aryan";"03_IE_Iranian";220;67,4042727272727;7,05807435664363
"73";"02_IE_Indo_Aryan";"04_IE_Baltic";40;70,754;7,54036141417706
"74";"02_IE_Indo_Aryan";"05_IE_Slavic";220;70,7887272727273;4,48564409410497
"75";"02_IE_Indo_Aryan";"06_IE_Germanic";360;73,4371666666667;6,75450513229302
"76";"02_IE_Indo_Aryan";"07_IE_Celtic";100;69,7048;5,00206492310421
"77";"02_IE_Indo_Aryan";"08_IE_Romance";240;64,627875;5,60973638662334
"78";"02_IE_Indo_Aryan";"08_IE_Sard_Romance";40;64,2995;6,32904292598607
"79";"02_IE_Indo_Aryan";"08_IE_East_Romance";60;58,6663333333333;6,36582080043704
"80";"02_IE_Indo_Aryan";"09_IE_Greek";40;74,51225;5,48691052554938
"81";"02_IE_Indo_Aryan";"10_IE_Albanian";60;76,5601666666667;4,31072391249051
"82";"02_IE_Indo_Aryan";"11_IE_Armenian";40;77,01075;2,84468049442896
"83";"02_IE_Indo_Aryan";"12_IE_Anatolian";0;NA;NA
"84";"02_IE_Indo_Aryan";"20_AA_Semitic";120;84,74625;6,07753585936346
"85";"02_IE_Indo_Aryan";"21_AA_Berber";40;85,7695;5,46313610976755
"86";"02_IE_Indo_Aryan";"23_AA_Chadic";40;85,414;3,55101704463412
"87";"02_IE_Indo_Aryan";"24_AA_Cushitic";60;86,2236666666667;4,80666873143816
"88";"02_IE_Indo_Aryan";"25_AA_Omotic";18;85,5616666666667;4,70188729316719
"89";"02_IE_Indo_Aryan";"30_AL_Mongolic";60;83,0553333333333;4,20739521120572
"90";"02_IE_Indo_Aryan";"31_AL_Turkic";260;85,9885769230769;4,1767308036807
"91";"02_IE_Indo_Aryan";"32_TU_Tungusic";40;85,94475;4,8383091915806
"92";"02_IE_Indo_Aryan";"33_UR_Uralic";200;79,27815;4,66224804807821
"93";"02_IE_Indo_Aryan";"50_CA_NE_Caucasian";100;94,152;3,21977130751972
"94";"02_IE_Indo_Aryan";"50_CA_NW_Caucasian";60;92,4646666666667;3,6061630234104
"95";"02_IE_Indo_Aryan";"51_KA_Kartvelian";20;85,172;4,05955351446955
"96";"02_IE_Indo_Aryan";"60_DR_Dravidian";98;89,9337755102041;5,01067633669814
"97";"02_IE_Indo_Aryan";"40_MP_Malay";120;85,9505833333333;4,48729809514343
"98";"02_IE_Indo_Aryan";"41_MP_Polynesian";60;93,1001666666667;3,41119765819526
"99";"02_IE_Indo_Aryan";"52_ST_Sino_Tibetan";100;92,2309;3,58724088424741
"100";"02_IE_Indo_Aryan";"55_AU_Austroasiatic";60;95,0725;3,56594800431688
"101";"02_IE_Indo_Aryan";"53_TK_Tai_Kadai";99;92,2891919191919;3,91793773240924
"102";"02_IE_Indo_Aryan";"Dummy";4000;90,0419275;4,94635005377272
"103";"03_IE_Iranian";"00_IE_PIE";0;NA;NA
"104";"03_IE_Iranian";"01_IE_Tocharian";0;NA;NA
"105";"03_IE_Iranian";"02_IE_Indo_Aryan";220;67,4042727272727;7,05807435664363
"106";"03_IE_Iranian";"03_IE_Iranian";110;51,5087272727273;13,6879821466145
"107";"03_IE_Iranian";"04_IE_Baltic";22;67,9872727272727;5,87495911379344
"108";"03_IE_Iranian";"05_IE_Slavic";121;70,7645454545455;5,49801630893664
"109";"03_IE_Iranian";"06_IE_Germanic";198;78,5958585858586;5,15344663339505
"110";"03_IE_Iranian";"07_IE_Celtic";55;71,5676363636364;4,75016216629081
"111";"03_IE_Iranian";"08_IE_Romance";132;67,4701515151515;4,18847418607329
"112";"03_IE_Iranian";"08_IE_Sard_Romance";22;66,6127272727273;4,85379594389124
"113";"03_IE_Iranian";"08_IE_East_Romance";33;66,0587878787879;5,42193678355332
"114";"03_IE_Iranian";"09_IE_Greek";22;76,3604545454545;3,02926594482924
"115";"03_IE_Iranian";"10_IE_Albanian";33;79,9763636363636;5,54655964212379
"116";"03_IE_Iranian";"11_IE_Armenian";22;78,2168181818182;3,03450535133368
"117";"03_IE_Iranian";"12_IE_Anatolian";0;NA;NA
"118";"03_IE_Iranian";"20_AA_Semitic";66;88,27;4,40186743588184
"119";"03_IE_Iranian";"21_AA_Berber";22;88,3881818181818;4,40212463461694
"120";"03_IE_Iranian";"23_AA_Chadic";22;88,9359090909091;6,24120383617418
"121";"03_IE_Iranian";"24_AA_Cushitic";33;86,6618181818182;3,86467936456688
"122";"03_IE_Iranian";"25_AA_Omotic";11;91,8972727272727;2,89901048949151
"123";"03_IE_Iranian";"30_AL_Mongolic";33;87,0106060606061;4,46444071202789
"124";"03_IE_Iranian";"31_AL_Turkic";143;88,6484615384615;5,26176419133359
"125";"03_IE_Iranian";"32_TU_Tungusic";22;96,0968181818182;3,57947640007604
"126";"03_IE_Iranian";"33_UR_Uralic";110;82,9211818181818;5,05586528893422
"127";"03_IE_Iranian";"50_CA_NE_Caucasian";55;93,8830909090909;4,11621044378302
"128";"03_IE_Iranian";"50_CA_NW_Caucasian";33;87,0118181818182;4,21632797477961
"129";"03_IE_Iranian";"51_KA_Kartvelian";11;94,1318181818182;4,98911178103241
"130";"03_IE_Iranian";"60_DR_Dravidian";55;94,8592727272727;3,76401817139779
"131";"03_IE_Iranian";"40_MP_Malay";66;88,9484848484849;3,03760748080775
"132";"03_IE_Iranian";"41_MP_Polynesian";33;90,8342424242424;4,93892892633554
"133";"03_IE_Iranian";"52_ST_Sino_Tibetan";55;93,6929090909091;3,3495923868807
"134";"03_IE_Iranian";"55_AU_Austroasiatic";33;96,2554545454545;3,47158833506823
"135";"03_IE_Iranian";"53_TK_Tai_Kadai";55;94,7501818181818;3,42741317576989
"136";"03_IE_Iranian";"Dummy";2200;91,7173954545455;4,64133890374779
"137";"04_IE_Baltic";"00_IE_PIE";0;NA;NA
"138";"04_IE_Baltic";"01_IE_Tocharian";0;NA;NA
"139";"04_IE_Baltic";"02_IE_Indo_Aryan";40;70,754;7,54036141417706
"140";"04_IE_Baltic";"03_IE_Iranian";22;67,9872727272727;5,87495911379344
"141";"04_IE_Baltic";"04_IE_Baltic";2;34,86;0
"142";"04_IE_Baltic";"05_IE_Slavic";22;46,7913636363636;3,48374770210876
"143";"04_IE_Baltic";"06_IE_Germanic";36;71,9286111111111;7,0598175422711
"144";"04_IE_Baltic";"07_IE_Celtic";10;73,672;4,49731228377325
"145";"04_IE_Baltic";"08_IE_Romance";24;58,3854166666667;8,37165869968777
"146";"04_IE_Baltic";"08_IE_Sard_Romance";4;55,775;10,7642448256562
"147";"04_IE_Baltic";"08_IE_East_Romance";6;60,4083333333333;12,6986320785613
"148";"04_IE_Baltic";"09_IE_Greek";4;72,68;4,24793283060518
"149";"04_IE_Baltic";"10_IE_Albanian";6;64,795;4,88912977941883
"150";"04_IE_Baltic";"11_IE_Armenian";4;75,88;1,64982827389197
"151";"04_IE_Baltic";"12_IE_Anatolian";0;NA;NA
"152";"04_IE_Baltic";"20_AA_Semitic";12;85,2983333333333;2,46080117527655
"153";"04_IE_Baltic";"21_AA_Berber";4;88,73;2,83816842347314
"154";"04_IE_Baltic";"23_AA_Chadic";4;93,71;2,97085846179181
"155";"04_IE_Baltic";"24_AA_Cushitic";6;90,8183333333333;2,3642200969171
"156";"04_IE_Baltic";"25_AA_Omotic";2;88,865;3,09005663378521
"157";"04_IE_Baltic";"30_AL_Mongolic";6;88,0266666666667;2,65832027165025
"158";"04_IE_Baltic";"31_AL_Turkic";26;89,3946153846154;1,3744765717006
"159";"04_IE_Baltic";"32_TU_Tungusic";4;91,53;1,61251356583441
"160";"04_IE_Baltic";"33_UR_Uralic";20;88,5335;4,26468888851103
"161";"04_IE_Baltic";"50_CA_NE_Caucasian";10;92,262;4,85160866792311
"162";"04_IE_Baltic";"50_CA_NW_Caucasian";6;88,6683333333333;1,82492100285647
"163";"04_IE_Baltic";"51_KA_Kartvelian";2;95,37;1,31521861300698
"164";"04_IE_Baltic";"60_DR_Dravidian";10;95,494;2,364958068691
"165";"04_IE_Baltic";"40_MP_Malay";12;86,7791666666667;4,97644169760854
"166";"04_IE_Baltic";"41_MP_Polynesian";6;89,3966666666667;3,10783954969793
"167";"04_IE_Baltic";"52_ST_Sino_Tibetan";10;91,845;4,25596901095652
"168";"04_IE_Baltic";"55_AU_Austroasiatic";6;95,0916666666667;4,09841148088704
"169";"04_IE_Baltic";"53_TK_Tai_Kadai";10;91,966;5,23822107208163
"170";"04_IE_Baltic";"Dummy";400;91,14905;4,8127834262795
"171";"05_IE_Slavic";"00_IE_PIE";0;NA;NA
"172";"05_IE_Slavic";"01_IE_Tocharian";0;NA;NA
"173";"05_IE_Slavic";"02_IE_Indo_Aryan";220;70,7887272727273;4,48564409410497
"174";"05_IE_Slavic";"03_IE_Iranian";121;70,7645454545455;5,49801630893664
"175";"05_IE_Slavic";"04_IE_Baltic";22;46,7913636363636;3,48374770210876
"176";"05_IE_Slavic";"05_IE_Slavic";110;10,3;3,93459042784155
"177";"05_IE_Slavic";"06_IE_Germanic";198;64,8309595959596;4,10067192567438
"178";"05_IE_Slavic";"07_IE_Celtic";55;76,8618181818182;2,04477662540715
"179";"05_IE_Slavic";"08_IE_Romance";132;58,3834848484848;4,56218308276692
"180";"05_IE_Slavic";"08_IE_Sard_Romance";22;60,9827272727273;3,18851388255105
"181";"05_IE_Slavic";"08_IE_East_Romance";33;58,1354545454545;2,60117172024106
"182";"05_IE_Slavic";"09_IE_Greek";22;75,2540909090909;2,19152188714103
"183";"05_IE_Slavic";"10_IE_Albanian";33;68,1309090909091;4,12006247194472
"184";"05_IE_Slavic";"11_IE_Armenian";22;79,0345454545455;1,93517743070543
"185";"05_IE_Slavic";"12_IE_Anatolian";0;NA;NA
"186";"05_IE_Slavic";"20_AA_Semitic";66;87,555303030303;1,80579854034119
"187";"05_IE_Slavic";"21_AA_Berber";22;92,8404545454545;2,96402473685572
"188";"05_IE_Slavic";"23_AA_Chadic";22;94,4786363636364;1,97583808729009
"189";"05_IE_Slavic";"24_AA_Cushitic";33;89,7157575757576;5,4101051458723
"190";"05_IE_Slavic";"25_AA_Omotic";11;85,3490909090909;2,80838905618668
"191";"05_IE_Slavic";"30_AL_Mongolic";33;90,9112121212121;3,37094178010367
"192";"05_IE_Slavic";"31_AL_Turkic";143;89,973006993007;2,04346951405699
"193";"05_IE_Slavic";"32_TU_Tungusic";22;93,6345454545454;1,36893329091609
"194";"05_IE_Slavic";"33_UR_Uralic";110;85,9762727272727;3,70813062997707
"195";"05_IE_Slavic";"50_CA_NE_Caucasian";55;94,8896363636364;2,49839130733741
"196";"05_IE_Slavic";"50_CA_NW_Caucasian";33;89,2848484848485;1,9779015414261
"197";"05_IE_Slavic";"51_KA_Kartvelian";11;96,9227272727273;1,06521444703957
"198";"05_IE_Slavic";"60_DR_Dravidian";55;92,636;4,44984377586782
"199";"05_IE_Slavic";"40_MP_Malay";66;91,0448484848485;3,47741382348534
"200";"05_IE_Slavic";"41_MP_Polynesian";33;88,7463636363636;2,72649594051346
"201";"05_IE_Slavic";"52_ST_Sino_Tibetan";55;90,5572727272727;4,64714785271387
"202";"05_IE_Slavic";"55_AU_Austroasiatic";33;95,9069696969697;3,19055685269876
"203";"05_IE_Slavic";"53_TK_Tai_Kadai";55;93,6903636363636;2,39521510952052
"204";"05_IE_Slavic";"Dummy";2200;91,0206772727273;4,75841539743289
"205";"06_IE_Germanic";"00_IE_PIE";0;NA;NA
"206";"06_IE_Germanic";"01_IE_Tocharian";0;NA;NA
"207";"06_IE_Germanic";"02_IE_Indo_Aryan";360;73,4371666666667;6,75450513229302
"208";"06_IE_Germanic";"03_IE_Iranian";198;78,5958585858586;5,15344663339505
"209";"06_IE_Germanic";"04_IE_Baltic";36;71,9286111111111;7,0598175422711
"210";"06_IE_Germanic";"05_IE_Slavic";198;64,8309595959596;4,10067192567438
"211";"06_IE_Germanic";"06_IE_Germanic";306;27,9409150326797;8,38452253717309
"212";"06_IE_Germanic";"07_IE_Celtic";90;77,4492222222222;5,4556844343026
"213";"06_IE_Germanic";"08_IE_Romance";216;60,0643518518519;5,55832570962058
"214";"06_IE_Germanic";"08_IE_Sard_Romance";36;59,3755555555556;6,69187756887597
"215";"06_IE_Germanic";"08_IE_East_Romance";54;59,0053703703704;4,54827552349196
"216";"06_IE_Germanic";"09_IE_Greek";36;75,0983333333333;5,01995589052903
"217";"06_IE_Germanic";"10_IE_Albanian";54;79,4844444444444;5,09274128897964
"218";"06_IE_Germanic";"11_IE_Armenian";36;85,3152777777778;2,26459013776522
"219";"06_IE_Germanic";"12_IE_Anatolian";0;NA;NA
"220";"06_IE_Germanic";"20_AA_Semitic";108;86,092037037037;3,81139284748604
"221";"06_IE_Germanic";"21_AA_Berber";36;86,1561111111111;3,82831651011085
"222";"06_IE_Germanic";"23_AA_Chadic";36;85,8977777777778;3,72671445578014
"223";"06_IE_Germanic";"24_AA_Cushitic";54;87,257037037037;4,01529793045304
"224";"06_IE_Germanic";"25_AA_Omotic";18;82,0866666666667;2,80873218206867
"225";"06_IE_Germanic";"30_AL_Mongolic";54;93,6783333333333;2,99913997106466
"226";"06_IE_Germanic";"31_AL_Turkic";234;92,6589743589744;2,69797997384226
"227";"06_IE_Germanic";"32_TU_Tungusic";36;92,7505555555556;3,0482078523472
"228";"06_IE_Germanic";"33_UR_Uralic";180;86,1670555555555;3,45847654277087
"229";"06_IE_Germanic";"50_CA_NE_Caucasian";90;96,3252222222222;2,4067831240563
"230";"06_IE_Germanic";"50_CA_NW_Caucasian";54;93,4414814814815;2,76235298074244
"231";"06_IE_Germanic";"51_KA_Kartvelian";18;91,8366666666667;2,28622730587264
"232";"06_IE_Germanic";"60_DR_Dravidian";90;91,7615555555556;3,3080422640097
"233";"06_IE_Germanic";"40_MP_Malay";108;86,5701851851852;5,12618037129311
"234";"06_IE_Germanic";"41_MP_Polynesian";54;86,9927777777778;3,3925225304332
"235";"06_IE_Germanic";"52_ST_Sino_Tibetan";90;89,6068888888889;2,73265506337349
"236";"06_IE_Germanic";"55_AU_Austroasiatic";54;91,8796296296296;4,82114366881261
"237";"06_IE_Germanic";"53_TK_Tai_Kadai";90;90,2765555555556;3,38896496118134
"238";"06_IE_Germanic";"Dummy";3600;91,3871777777778;4,82794459300388
"239";"07_IE_Celtic";"00_IE_PIE";0;NA;NA
"240";"07_IE_Celtic";"01_IE_Tocharian";0;NA;NA
"241";"07_IE_Celtic";"02_IE_Indo_Aryan";100;69,7048;5,00206492310421
"242";"07_IE_Celtic";"03_IE_Iranian";55;71,5676363636364;4,75016216629081
"243";"07_IE_Celtic";"04_IE_Baltic";10;73,672;4,49731228377325
"244";"07_IE_Celtic";"05_IE_Slavic";55;76,8618181818182;2,04477662540715
"245";"07_IE_Celtic";"06_IE_Germanic";90;77,4492222222222;5,4556844343026
"246";"07_IE_Celtic";"07_IE_Celtic";20;44,47;22,8968579779663
"247";"07_IE_Celtic";"08_IE_Romance";60;62,2875;3,84832502635557
"248";"07_IE_Celtic";"08_IE_Sard_Romance";10;66,214;7,02546669070619
"249";"07_IE_Celtic";"08_IE_East_Romance";15;62,7946666666667;3,89884757087943
"250";"07_IE_Celtic";"09_IE_Greek";10;69,993;6,32897929281562
"251";"07_IE_Celtic";"10_IE_Albanian";15;73,7266666666667;3,58885908386071
"252";"07_IE_Celtic";"11_IE_Armenian";10;78,926;2,50789508906927
"253";"07_IE_Celtic";"12_IE_Anatolian";0;NA;NA
"254";"07_IE_Celtic";"20_AA_Semitic";30;89,1853333333333;2,7637614714849
"255";"07_IE_Celtic";"21_AA_Berber";10;90,333;6,55212611803731
"256";"07_IE_Celtic";"23_AA_Chadic";10;84,684;7,54634746085813
"257";"07_IE_Celtic";"24_AA_Cushitic";15;90,328;3,05940283622241
"258";"07_IE_Celtic";"25_AA_Omotic";5;92,576;4,36948280692349
"259";"07_IE_Celtic";"30_AL_Mongolic";15;88,626;3,36699908778468
"260";"07_IE_Celtic";"31_AL_Turkic";65;79,9843076923077;5,21671950595833
"261";"07_IE_Celtic";"32_TU_Tungusic";10;87,942;9,96285300503827
"262";"07_IE_Celtic";"33_UR_Uralic";50;84,8536;6,31761475267884
"263";"07_IE_Celtic";"50_CA_NE_Caucasian";25;96,2472;2,77179021572701
"264";"07_IE_Celtic";"50_CA_NW_Caucasian";15;93,044;3,15054371724718
"265";"07_IE_Celtic";"51_KA_Kartvelian";5;86,526;6,45023487944431
"266";"07_IE_Celtic";"60_DR_Dravidian";25;90,6208;6,06445375391167
"267";"07_IE_Celtic";"40_MP_Malay";30;84,4626666666667;5,8272054775991
"268";"07_IE_Celtic";"41_MP_Polynesian";15;90,7113333333333;2,3759294923
"269";"07_IE_Celtic";"52_ST_Sino_Tibetan";25;93,656;3,66324651095173
"270";"07_IE_Celtic";"55_AU_Austroasiatic";15;93,9606666666667;3,51395070025314
"271";"07_IE_Celtic";"53_TK_Tai_Kadai";25;95,1248;3,15398441129101
"272";"07_IE_Celtic";"Dummy";1000;91,32359;4,74718227493441
"273";"08_IE_Romance";"00_IE_PIE";0;NA;NA
"274";"08_IE_Romance";"01_IE_Tocharian";0;NA;NA
"275";"08_IE_Romance";"02_IE_Indo_Aryan";240;64,627875;5,60973638662334
"276";"08_IE_Romance";"03_IE_Iranian";132;67,4701515151515;4,18847418607329
"277";"08_IE_Romance";"04_IE_Baltic";24;58,3854166666667;8,37165869968777
"278";"08_IE_Romance";"05_IE_Slavic";132;58,3834848484848;4,56218308276692
"279";"08_IE_Romance";"06_IE_Germanic";216;60,0643518518519;5,55832570962058
"280";"08_IE_Romance";"07_IE_Celtic";60;62,2875;3,84832502635557
"281";"08_IE_Romance";"08_IE_Romance";132;21,96;7,12991718633319
"282";"08_IE_Romance";"08_IE_Sard_Romance";24;34,8354166666667;4,3236327109088
"283";"08_IE_Romance";"08_IE_East_Romance";36;39,715;5,19495222032201
"284";"08_IE_Romance";"09_IE_Greek";24;70,275;2,82075845489641
"285";"08_IE_Romance";"10_IE_Albanian";36;70,2869444444444;4,61211994605793
"286";"08_IE_Romance";"11_IE_Armenian";24;83,5825;2,11689117832484
"287";"08_IE_Romance";"12_IE_Anatolian";0;NA;NA
"288";"08_IE_Romance";"20_AA_Semitic";72;83,1091666666667;3,35296368798676
"289";"08_IE_Romance";"21_AA_Berber";24;86,255;3,3676155930582
"290";"08_IE_Romance";"23_AA_Chadic";24;87,9591666666667;3,20184174807409
"291";"08_IE_Romance";"24_AA_Cushitic";36;93,7641666666667;2,1215147890128
"292";"08_IE_Romance";"25_AA_Omotic";12;87,7908333333333;3,04163071792787
"293";"08_IE_Romance";"30_AL_Mongolic";36;88,2341666666667;3,02518795165807
"294";"08_IE_Romance";"31_AL_Turkic";156;90,7228846153846;3,02080122027368
"295";"08_IE_Romance";"32_TU_Tungusic";24;93,21625;3,73176355616623
"296";"08_IE_Romance";"33_UR_Uralic";120;83,3800833333333;4,81700358339175
"297";"08_IE_Romance";"50_CA_NE_Caucasian";60;96,1175;3,76626894680412
"298";"08_IE_Romance";"50_CA_NW_Caucasian";36;95,2952777777778;2,42347269855365
"299";"08_IE_Romance";"51_KA_Kartvelian";12;99,2441666666667;1,80079506851498
"300";"08_IE_Romance";"60_DR_Dravidian";60;96,3033333333333;3,80661185114936
"301";"08_IE_Romance";"40_MP_Malay";72;88,7219444444444;3,65239170680921
"302";"08_IE_Romance";"41_MP_Polynesian";36;90,195;3,24100557587566
"303";"08_IE_Romance";"52_ST_Sino_Tibetan";60;93,3828333333333;2,6066863773873
"304";"08_IE_Romance";"55_AU_Austroasiatic";36;95,015;2,67531733765228
"305";"08_IE_Romance";"53_TK_Tai_Kadai";60;90,9568333333333;3,15405549625341
"306";"08_IE_Romance";"Dummy";2400;91,2508041666667;4,4754632869864
"307";"08_IE_Sard_Romance";"00_IE_PIE";0;NA;NA
"308";"08_IE_Sard_Romance";"01_IE_Tocharian";0;NA;NA
"309";"08_IE_Sard_Romance";"02_IE_Indo_Aryan";40;64,2995;6,32904292598607
"310";"08_IE_Sard_Romance";"03_IE_Iranian";22;66,6127272727273;4,85379594389124
"311";"08_IE_Sard_Romance";"04_IE_Baltic";4;55,775;10,7642448256562
"312";"08_IE_Sard_Romance";"05_IE_Slavic";22;60,9827272727273;3,18851388255105
"313";"08_IE_Sard_Romance";"06_IE_Germanic";36;59,3755555555556;6,69187756887597
"314";"08_IE_Sard_Romance";"07_IE_Celtic";10;66,214;7,02546669070619
"315";"08_IE_Sard_Romance";"08_IE_Romance";24;34,8354166666667;4,3236327109088
"316";"08_IE_Sard_Romance";"08_IE_Sard_Romance";2;23,4;0
"317";"08_IE_Sard_Romance";"08_IE_East_Romance";6;32,1516666666667;3,59581655075265
"318";"08_IE_Sard_Romance";"09_IE_Greek";4;69,1775;3,04305082661025
"319";"08_IE_Sard_Romance";"10_IE_Albanian";6;71,7583333333333;4,09182314704175
"320";"08_IE_Sard_Romance";"11_IE_Armenian";4;83,39;0
"321";"08_IE_Sard_Romance";"12_IE_Anatolian";0;NA;NA
"322";"08_IE_Sard_Romance";"20_AA_Semitic";12;85,5933333333333;3,91737234132857
"323";"08_IE_Sard_Romance";"21_AA_Berber";4;86,4775;5,12526015599859
"324";"08_IE_Sard_Romance";"23_AA_Chadic";4;87,69;6,20719475018036
"325";"08_IE_Sard_Romance";"24_AA_Cushitic";6;88,7366666666667;2,81665522680122
"326";"08_IE_Sard_Romance";"25_AA_Omotic";2;89,095;2,48194480196478
"327";"08_IE_Sard_Romance";"30_AL_Mongolic";6;89,1233333333333;2,61577267106044
"328";"08_IE_Sard_Romance";"31_AL_Turkic";26;91,6642307692308;3,27684381449824
"329";"08_IE_Sard_Romance";"32_TU_Tungusic";4;90,0525;4,43492483964873
"330";"08_IE_Sard_Romance";"33_UR_Uralic";20;82,0145;4,59908054312003
"331";"08_IE_Sard_Romance";"50_CA_NE_Caucasian";10;95,568;3,28366597299759
"332";"08_IE_Sard_Romance";"50_CA_NW_Caucasian";6;95,48;2,41607119100411
"333";"08_IE_Sard_Romance";"51_KA_Kartvelian";2;96,76;0,650538238691625
"334";"08_IE_Sard_Romance";"60_DR_Dravidian";10;97,783;2,07569024664086
"335";"08_IE_Sard_Romance";"40_MP_Malay";12;82,325;3,71221938027277
"336";"08_IE_Sard_Romance";"41_MP_Polynesian";6;87,845;1,46044856123041
"337";"08_IE_Sard_Romance";"52_ST_Sino_Tibetan";10;89,637;2,7381301405643
"338";"08_IE_Sard_Romance";"55_AU_Austroasiatic";6;95,6933333333333;4,23066267464881
"339";"08_IE_Sard_Romance";"53_TK_Tai_Kadai";10;90,87;4,04960354712519
"340";"08_IE_Sard_Romance";"Dummy";400;91,265025;4,68769588723533
"341";"08_IE_East_Romance";"00_IE_PIE";0;NA;NA
"342";"08_IE_East_Romance";"01_IE_Tocharian";0;NA;NA
"343";"08_IE_East_Romance";"02_IE_Indo_Aryan";60;58,6663333333333;6,36582080043704
"344";"08_IE_East_Romance";"03_IE_Iranian";33;66,0587878787879;5,42193678355332
"345";"08_IE_East_Romance";"04_IE_Baltic";6;60,4083333333333;12,6986320785613
"346";"08_IE_East_Romance";"05_IE_Slavic";33;58,1354545454545;2,60117172024106
"347";"08_IE_East_Romance";"06_IE_Germanic";54;59,0053703703704;4,54827552349196
"348";"08_IE_East_Romance";"07_IE_Celtic";15;62,7946666666667;3,89884757087943
"349";"08_IE_East_Romance";"08_IE_Romance";36;39,715;5,19495222032201
"350";"08_IE_East_Romance";"08_IE_Sard_Romance";6;32,1516666666667;3,59581655075265
"351";"08_IE_East_Romance";"08_IE_East_Romance";6;13,37;2,65685528397766
"352";"08_IE_East_Romance";"09_IE_Greek";6;67,49;3,26294345645155
"353";"08_IE_East_Romance";"10_IE_Albanian";9;73,1377777777778;3,46218420140299
"354";"08_IE_East_Romance";"11_IE_Armenian";6;82,5933333333333;1,63770164152896
"355";"08_IE_East_Romance";"12_IE_Anatolian";0;NA;NA
"356";"08_IE_East_Romance";"20_AA_Semitic";18;85,1788888888889;2,13386390461029
"357";"08_IE_East_Romance";"21_AA_Berber";6;87,135;5,00663459821066
"358";"08_IE_East_Romance";"23_AA_Chadic";6;88,235;4,25183137012746
"359";"08_IE_East_Romance";"24_AA_Cushitic";9;89,36;2,56925572880552
"360";"08_IE_East_Romance";"25_AA_Omotic";2;87,34;0
"361";"08_IE_East_Romance";"30_AL_Mongolic";9;85,5266666666667;2,86269104165993
"362";"08_IE_East_Romance";"31_AL_Turkic";39;88,2653846153846;3,25084106214623
"363";"08_IE_East_Romance";"32_TU_Tungusic";6;91,6;3,30587961063315
"364";"08_IE_East_Romance";"33_UR_Uralic";30;85,4023333333333;3,42508865561909
"365";"08_IE_East_Romance";"50_CA_NE_Caucasian";15;95,65;2,70184328613951
"366";"08_IE_East_Romance";"50_CA_NW_Caucasian";9;89,9611111111111;1,31470000802887
"367";"08_IE_East_Romance";"51_KA_Kartvelian";3;99,0733333333333;1,60503374834716
"368";"08_IE_East_Romance";"60_DR_Dravidian";11;93,3472727272727;3,05781978183506
"369";"08_IE_East_Romance";"40_MP_Malay";18;82,8855555555556;4,07575503250224
"370";"08_IE_East_Romance";"41_MP_Polynesian";9;86,5422222222222;4,24086305419598
"371";"08_IE_East_Romance";"52_ST_Sino_Tibetan";15;93,7406666666667;2,83525374693762
"372";"08_IE_East_Romance";"55_AU_Austroasiatic";9;93,0755555555556;4,59083628305103
"373";"08_IE_East_Romance";"53_TK_Tai_Kadai";14;92,57;4,59418696247267
"374";"08_IE_East_Romance";"Dummy";600;91,5586833333333;4,73031438949125
"375";"09_IE_Greek";"00_IE_PIE";0;NA;NA
"376";"09_IE_Greek";"01_IE_Tocharian";0;NA;NA
"377";"09_IE_Greek";"02_IE_Indo_Aryan";40;74,51225;5,48691052554938
"378";"09_IE_Greek";"03_IE_Iranian";22;76,3604545454545;3,02926594482924
"379";"09_IE_Greek";"04_IE_Baltic";4;72,68;4,24793283060518
"380";"09_IE_Greek";"05_IE_Slavic";22;75,2540909090909;2,19152188714103
"381";"09_IE_Greek";"06_IE_Germanic";36;75,0983333333333;5,01995589052903
"382";"09_IE_Greek";"07_IE_Celtic";10;69,993;6,32897929281562
"383";"09_IE_Greek";"08_IE_Romance";24;70,275;2,82075845489641
"384";"09_IE_Greek";"08_IE_Sard_Romance";4;69,1775;3,04305082661025
"385";"09_IE_Greek";"08_IE_East_Romance";6;67,49;3,26294345645155
"386";"09_IE_Greek";"09_IE_Greek";2;39,54;0
"387";"09_IE_Greek";"10_IE_Albanian";6;68,1933333333333;3,23749079792772
"388";"09_IE_Greek";"11_IE_Armenian";4;81,4325;1,15370056773844
"389";"09_IE_Greek";"12_IE_Anatolian";0;NA;NA
"390";"09_IE_Greek";"20_AA_Semitic";12;91,46;2,23195796636863
"391";"09_IE_Greek";"21_AA_Berber";4;90,5575;4,92651584117349
"392";"09_IE_Greek";"23_AA_Chadic";4;94,215;0,768396598986056
"393";"09_IE_Greek";"24_AA_Cushitic";6;91,09;4,4706151701975
"394";"09_IE_Greek";"25_AA_Omotic";2;82,83;6,06697618258058
"395";"09_IE_Greek";"30_AL_Mongolic";6;82,55;3,44597156111306
"396";"09_IE_Greek";"31_AL_Turkic";26;91,1065384615385;3,20679770775482
"397";"09_IE_Greek";"32_TU_Tungusic";4;93,67;3,47891745614446
"398";"09_IE_Greek";"33_UR_Uralic";20;87,413;2,24504155394669
"399";"09_IE_Greek";"50_CA_NE_Caucasian";10;95,434;2,28594838086952
"400";"09_IE_Greek";"50_CA_NW_Caucasian";6;93,2233333333333;4,09007905384073
"401";"09_IE_Greek";"51_KA_Kartvelian";2;87,105;1,33643181644258
"402";"09_IE_Greek";"60_DR_Dravidian";10;89,948;5,08383013965739
"403";"09_IE_Greek";"40_MP_Malay";12;86,7058333333333;5,85511347352712
"404";"09_IE_Greek";"41_MP_Polynesian";6;87,0116666666667;5,35335190947379
"405";"09_IE_Greek";"52_ST_Sino_Tibetan";10;91,329;3,60532152981302
"406";"09_IE_Greek";"55_AU_Austroasiatic";6;90,29;8,31218142246667
"407";"09_IE_Greek";"53_TK_Tai_Kadai";10;84,696;6,14179524967162
"408";"09_IE_Greek";"Dummy";400;90,5391;5,17142890139713
"409";"10_IE_Albanian";"00_IE_PIE";0;NA;NA
"410";"10_IE_Albanian";"01_IE_Tocharian";0;NA;NA
"411";"10_IE_Albanian";"02_IE_Indo_Aryan";60;76,5601666666667;4,31072391249051
"412";"10_IE_Albanian";"03_IE_Iranian";33;79,9763636363636;5,54655964212379
"413";"10_IE_Albanian";"04_IE_Baltic";6;64,795;4,88912977941883
"414";"10_IE_Albanian";"05_IE_Slavic";33;68,1309090909091;4,12006247194472
"415";"10_IE_Albanian";"06_IE_Germanic";54;79,4844444444444;5,09274128897964
"416";"10_IE_Albanian";"07_IE_Celtic";15;73,7266666666667;3,58885908386071
"417";"10_IE_Albanian";"08_IE_Romance";36;70,2869444444444;4,61211994605793
"418";"10_IE_Albanian";"08_IE_Sard_Romance";6;71,7583333333333;4,09182314704175
"419";"10_IE_Albanian";"08_IE_East_Romance";9;73,1377777777778;3,46218420140299
"420";"10_IE_Albanian";"09_IE_Greek";6;68,1933333333333;3,23749079792772
"421";"10_IE_Albanian";"10_IE_Albanian";6;13,5766666666667;0,955335892064496
"422";"10_IE_Albanian";"11_IE_Armenian";6;83,0466666666667;0,872528891594238
"423";"10_IE_Albanian";"12_IE_Anatolian";0;NA;NA
"424";"10_IE_Albanian";"20_AA_Semitic";18;83,5055555555556;3,09354778668388
"425";"10_IE_Albanian";"21_AA_Berber";6;86,7916666666667;2,06721471227995
"426";"10_IE_Albanian";"23_AA_Chadic";6;91,2733333333333;5,22059638994116
"427";"10_IE_Albanian";"24_AA_Cushitic";9;84,0333333333333;4,93856507499901
"428";"10_IE_Albanian";"25_AA_Omotic";3;80,4933333333333;1,92834989909335
"429";"10_IE_Albanian";"30_AL_Mongolic";9;87,6122222222222;3,74894911201052
"430";"10_IE_Albanian";"31_AL_Turkic";39;89,0461538461538;1,9810266017298
"431";"10_IE_Albanian";"32_TU_Tungusic";6;94,7066666666667;1,35593018502675
"432";"10_IE_Albanian";"33_UR_Uralic";30;84,9653333333333;3,55195112320105
"433";"10_IE_Albanian";"50_CA_NE_Caucasian";15;92,7473333333333;5,46036559041173
"434";"10_IE_Albanian";"50_CA_NW_Caucasian";9;92,8066666666667;5,51905789061865
"435";"10_IE_Albanian";"51_KA_Kartvelian";3;94,44;0
"436";"10_IE_Albanian";"60_DR_Dravidian";15;89,2466666666667;4,18239792235894
"437";"10_IE_Albanian";"40_MP_Malay";18;91,3077777777778;2,61479175991367
"438";"10_IE_Albanian";"41_MP_Polynesian";9;91,2533333333333;1,26017855877649
"439";"10_IE_Albanian";"52_ST_Sino_Tibetan";15;88,164;5,25995491561341
"440";"10_IE_Albanian";"55_AU_Austroasiatic";9;93,4644444444445;1,28485515828742
"441";"10_IE_Albanian";"53_TK_Tai_Kadai";15;94,48;2,99486226728376
"442";"10_IE_Albanian";"Dummy";600;90,52785;4,94193681093139
"443";"11_IE_Armenian";"00_IE_PIE";0;NA;NA
"444";"11_IE_Armenian";"01_IE_Tocharian";0;NA;NA
"445";"11_IE_Armenian";"02_IE_Indo_Aryan";40;77,01075;2,84468049442896
"446";"11_IE_Armenian";"03_IE_Iranian";22;78,2168181818182;3,03450535133368
"447";"11_IE_Armenian";"04_IE_Baltic";4;75,88;1,64982827389197
"448";"11_IE_Armenian";"05_IE_Slavic";22;79,0345454545455;1,93517743070543
"449";"11_IE_Armenian";"06_IE_Germanic";36;85,3152777777778;2,26459013776522
"450";"11_IE_Armenian";"07_IE_Celtic";10;78,926;2,50789508906927
"451";"11_IE_Armenian";"08_IE_Romance";24;83,5825;2,11689117832484
"452";"11_IE_Armenian";"08_IE_Sard_Romance";4;83,39;0
"453";"11_IE_Armenian";"08_IE_East_Romance";6;82,5933333333333;1,63770164152896
"454";"11_IE_Armenian";"09_IE_Greek";4;81,4325;1,15370056773844
"455";"11_IE_Armenian";"10_IE_Albanian";6;83,0466666666667;0,872528891594238
"456";"11_IE_Armenian";"11_IE_Armenian";2;5,01;0
"457";"11_IE_Armenian";"12_IE_Anatolian";0;NA;NA
"458";"11_IE_Armenian";"20_AA_Semitic";12;89,115;1,82919008406353
"459";"11_IE_Armenian";"21_AA_Berber";4;88,95;4,99985333118216
"460";"11_IE_Armenian";"23_AA_Chadic";4;80,3025;1,27925434010077
"461";"11_IE_Armenian";"24_AA_Cushitic";6;94,6333333333333;0,591698121229625
"462";"11_IE_Armenian";"25_AA_Omotic";2;91,13;0
"463";"11_IE_Armenian";"30_AL_Mongolic";6;88,6533333333333;3,40744283395432
"464";"11_IE_Armenian";"31_AL_Turkic";26;90,3896153846154;1,86002468966244
"465";"11_IE_Armenian";"32_TU_Tungusic";4;92,9475;1,8262415867933
"466";"11_IE_Armenian";"33_UR_Uralic";20;93,671;2,32659430340392
"467";"11_IE_Armenian";"50_CA_NE_Caucasian";10;90,161;4,0766856091138
"468";"11_IE_Armenian";"50_CA_NW_Caucasian";6;92,7533333333333;2,66263528607781
"469";"11_IE_Armenian";"51_KA_Kartvelian";2;90,28;1,9657568516986
"470";"11_IE_Armenian";"60_DR_Dravidian";10;89,301;2,5874631505696
"471";"11_IE_Armenian";"40_MP_Malay";12;91,1516666666667;4,73007175293132
"472";"11_IE_Armenian";"41_MP_Polynesian";6;91,13;4,86336097776013
"473";"11_IE_Armenian";"52_ST_Sino_Tibetan";10;89,217;3,78748245320468
"474";"11_IE_Armenian";"55_AU_Austroasiatic";6;94,525;2,34138207048743
"475";"11_IE_Armenian";"53_TK_Tai_Kadai";10;91,062;3,36064411815486
"476";"11_IE_Armenian";"Dummy";400;91,626475;4,08112309771732
"477";"12_IE_Anatolian";"00_IE_PIE";0;NA;NA
"478";"12_IE_Anatolian";"01_IE_Tocharian";0;NA;NA
"479";"12_IE_Anatolian";"02_IE_Indo_Aryan";0;NA;NA
"480";"12_IE_Anatolian";"03_IE_Iranian";0;NA;NA
"481";"12_IE_Anatolian";"04_IE_Baltic";0;NA;NA
"482";"12_IE_Anatolian";"05_IE_Slavic";0;NA;NA
"483";"12_IE_Anatolian";"06_IE_Germanic";0;NA;NA
"484";"12_IE_Anatolian";"07_IE_Celtic";0;NA;NA
"485";"12_IE_Anatolian";"08_IE_Romance";0;NA;NA
"486";"12_IE_Anatolian";"08_IE_Sard_Romance";0;NA;NA
"487";"12_IE_Anatolian";"08_IE_East_Romance";0;NA;NA
"488";"12_IE_Anatolian";"09_IE_Greek";0;NA;NA
"489";"12_IE_Anatolian";"10_IE_Albanian";0;NA;NA
"490";"12_IE_Anatolian";"11_IE_Armenian";0;NA;NA
"491";"12_IE_Anatolian";"12_IE_Anatolian";0;NA;NA
"492";"12_IE_Anatolian";"20_AA_Semitic";0;NA;NA
"493";"12_IE_Anatolian";"21_AA_Berber";0;NA;NA
"494";"12_IE_Anatolian";"23_AA_Chadic";0;NA;NA
"495";"12_IE_Anatolian";"24_AA_Cushitic";0;NA;NA
"496";"12_IE_Anatolian";"25_AA_Omotic";0;NA;NA
"497";"12_IE_Anatolian";"30_AL_Mongolic";0;NA;NA
"498";"12_IE_Anatolian";"31_AL_Turkic";0;NA;NA
"499";"12_IE_Anatolian";"32_TU_Tungusic";0;NA;NA
"500";"12_IE_Anatolian";"33_UR_Uralic";0;NA;NA
"501";"12_IE_Anatolian";"50_CA_NE_Caucasian";0;NA;NA
"502";"12_IE_Anatolian";"50_CA_NW_Caucasian";0;NA;NA
"503";"12_IE_Anatolian";"51_KA_Kartvelian";0;NA;NA
"504";"12_IE_Anatolian";"60_DR_Dravidian";0;NA;NA
"505";"12_IE_Anatolian";"40_MP_Malay";0;NA;NA
"506";"12_IE_Anatolian";"41_MP_Polynesian";0;NA;NA
"507";"12_IE_Anatolian";"52_ST_Sino_Tibetan";0;NA;NA
"508";"12_IE_Anatolian";"55_AU_Austroasiatic";0;NA;NA
"509";"12_IE_Anatolian";"53_TK_Tai_Kadai";0;NA;NA
"510";"12_IE_Anatolian";"Dummy";0;NA;NA
"511";"20_AA_Semitic";"00_IE_PIE";0;NA;NA
"512";"20_AA_Semitic";"01_IE_Tocharian";0;NA;NA
"513";"20_AA_Semitic";"02_IE_Indo_Aryan";120;84,74625;6,07753585936346
"514";"20_AA_Semitic";"03_IE_Iranian";66;88,27;4,40186743588184
"515";"20_AA_Semitic";"04_IE_Baltic";12;85,2983333333333;2,46080117527655
"516";"20_AA_Semitic";"05_IE_Slavic";66;87,555303030303;1,80579854034119
"517";"20_AA_Semitic";"06_IE_Germanic";108;86,092037037037;3,81139284748604
"518";"20_AA_Semitic";"07_IE_Celtic";30;89,1853333333333;2,7637614714849
"519";"20_AA_Semitic";"08_IE_Romance";72;83,1091666666667;3,35296368798676
"520";"20_AA_Semitic";"08_IE_Sard_Romance";12;85,5933333333333;3,91737234132857
"521";"20_AA_Semitic";"08_IE_East_Romance";18;85,1788888888889;2,13386390461029
"522";"20_AA_Semitic";"09_IE_Greek";12;91,46;2,23195796636863
"523";"20_AA_Semitic";"10_IE_Albanian";18;83,5055555555556;3,09354778668388
"524";"20_AA_Semitic";"11_IE_Armenian";12;89,115;1,82919008406353
"525";"20_AA_Semitic";"12_IE_Anatolian";0;NA;NA
"526";"20_AA_Semitic";"20_AA_Semitic";30;37,8093333333333;14,0061353387163
"527";"20_AA_Semitic";"21_AA_Berber";12;73,1525;3,64252940338791
"528";"20_AA_Semitic";"23_AA_Chadic";12;88,1658333333333;5,59128942411698
"529";"20_AA_Semitic";"24_AA_Cushitic";18;86,135;5,06789113815947
"530";"20_AA_Semitic";"25_AA_Omotic";6;81,1416666666667;3,71260241160654
"531";"20_AA_Semitic";"30_AL_Mongolic";18;89,8683333333333;2,89345763038333
"532";"20_AA_Semitic";"31_AL_Turkic";78;93,9437179487179;3,95509702672924
"533";"20_AA_Semitic";"32_TU_Tungusic";12;87,3325;5,50472214640221
"534";"20_AA_Semitic";"33_UR_Uralic";60;90,0533333333333;3,21846140031393
"535";"20_AA_Semitic";"50_CA_NE_Caucasian";30;91,0653333333333;4,18704960178597
"536";"20_AA_Semitic";"50_CA_NW_Caucasian";18;92,5788888888889;4,72250169107669
"537";"20_AA_Semitic";"51_KA_Kartvelian";6;93,3583333333333;2,06973830874018
"538";"20_AA_Semitic";"60_DR_Dravidian";30;88,491;3,98076439549162
"539";"20_AA_Semitic";"40_MP_Malay";36;88,0172222222222;4,56964556994529
"540";"20_AA_Semitic";"41_MP_Polynesian";18;95,2961111111111;3,05482287710065
"541";"20_AA_Semitic";"52_ST_Sino_Tibetan";30;92,8846666666667;4,17863427064586
"542";"20_AA_Semitic";"55_AU_Austroasiatic";18;91,3172222222222;3,80023808163702
"543";"20_AA_Semitic";"53_TK_Tai_Kadai";30;89,194;4,8210669873537
"544";"20_AA_Semitic";"Dummy";1200;92,5771416666667;4,42481704912143
"545";"21_AA_Berber";"00_IE_PIE";0;NA;NA
"546";"21_AA_Berber";"01_IE_Tocharian";0;NA;NA
"547";"21_AA_Berber";"02_IE_Indo_Aryan";40;85,7695;5,46313610976755
"548";"21_AA_Berber";"03_IE_Iranian";22;88,3881818181818;4,40212463461694
"549";"21_AA_Berber";"04_IE_Baltic";4;88,73;2,83816842347314
"550";"21_AA_Berber";"05_IE_Slavic";22;92,8404545454545;2,96402473685572
"551";"21_AA_Berber";"06_IE_Germanic";36;86,1561111111111;3,82831651011085
"552";"21_AA_Berber";"07_IE_Celtic";10;90,333;6,55212611803731
"553";"21_AA_Berber";"08_IE_Romance";24;86,255;3,3676155930582
"554";"21_AA_Berber";"08_IE_Sard_Romance";4;86,4775;5,12526015599859
"555";"21_AA_Berber";"08_IE_East_Romance";6;87,135;5,00663459821066
"556";"21_AA_Berber";"09_IE_Greek";4;90,5575;4,92651584117349
"557";"21_AA_Berber";"10_IE_Albanian";6;86,7916666666667;2,06721471227995
"558";"21_AA_Berber";"11_IE_Armenian";4;88,95;4,99985333118216
"559";"21_AA_Berber";"12_IE_Anatolian";0;NA;NA
"560";"21_AA_Berber";"20_AA_Semitic";12;73,1525;3,64252940338791
"561";"21_AA_Berber";"21_AA_Berber";2;37,1;0
"562";"21_AA_Berber";"23_AA_Chadic";3;81,9933333333333;5,53973224383033
"563";"21_AA_Berber";"24_AA_Cushitic";6;89,77;3,16426926793533
"564";"21_AA_Berber";"25_AA_Omotic";2;81,1;3,95979797464467
"565";"21_AA_Berber";"30_AL_Mongolic";6;91,7416666666667;4,06240035775238
"566";"21_AA_Berber";"31_AL_Turkic";26;96,5261538461538;2,34042915196863
"567";"21_AA_Berber";"32_TU_Tungusic";4;92,2975;4,02137932389704
"568";"21_AA_Berber";"33_UR_Uralic";20;88,491;3,03328014219799
"569";"21_AA_Berber";"50_CA_NE_Caucasian";10;90,144;3,41098291471013
"570";"21_AA_Berber";"50_CA_NW_Caucasian";6;94,9316666666667;3,3914741141083
"571";"21_AA_Berber";"51_KA_Kartvelian";2;96,74;1,44249783362056
"572";"21_AA_Berber";"60_DR_Dravidian";6;96,3016666666667;1,48602041260094
"573";"21_AA_Berber";"40_MP_Malay";12;84,0775;3,54057808582415
"574";"21_AA_Berber";"41_MP_Polynesian";6;90,3083333333333;4,27286047825887
"575";"21_AA_Berber";"52_ST_Sino_Tibetan";10;89,642;4,38679533752526
"576";"21_AA_Berber";"55_AU_Austroasiatic";6;86,77;2,1892373101151
"577";"21_AA_Berber";"53_TK_Tai_Kadai";9;79,6155555555556;5,11950952511837
"578";"21_AA_Berber";"Dummy";400;90,9232;4,53460459766261
"579";"23_AA_Chadic";"00_IE_PIE";0;NA;NA
"580";"23_AA_Chadic";"01_IE_Tocharian";0;NA;NA
"581";"23_AA_Chadic";"02_IE_Indo_Aryan";40;85,414;3,55101704463412
"582";"23_AA_Chadic";"03_IE_Iranian";22;88,9359090909091;6,24120383617418
"583";"23_AA_Chadic";"04_IE_Baltic";4;93,71;2,97085846179181
"584";"23_AA_Chadic";"05_IE_Slavic";22;94,4786363636364;1,97583808729009
"585";"23_AA_Chadic";"06_IE_Germanic";36;85,8977777777778;3,72671445578014
"586";"23_AA_Chadic";"07_IE_Celtic";10;84,684;7,54634746085813
"587";"23_AA_Chadic";"08_IE_Romance";24;87,9591666666667;3,20184174807409
"588";"23_AA_Chadic";"08_IE_Sard_Romance";4;87,69;6,20719475018036
"589";"23_AA_Chadic";"08_IE_East_Romance";6;88,235;4,25183137012746
"590";"23_AA_Chadic";"09_IE_Greek";4;94,215;0,768396598986056
"591";"23_AA_Chadic";"10_IE_Albanian";6;91,2733333333333;5,22059638994116
"592";"23_AA_Chadic";"11_IE_Armenian";4;80,3025;1,27925434010077
"593";"23_AA_Chadic";"12_IE_Anatolian";0;NA;NA
"594";"23_AA_Chadic";"20_AA_Semitic";12;88,1658333333333;5,59128942411698
"595";"23_AA_Chadic";"21_AA_Berber";3;81,9933333333333;5,53973224383033
"596";"23_AA_Chadic";"23_AA_Chadic";2;73,02;0
"597";"23_AA_Chadic";"24_AA_Cushitic";6;87,0633333333333;3,59660766093088
"598";"23_AA_Chadic";"25_AA_Omotic";1;85,71;NA
"599";"23_AA_Chadic";"30_AL_Mongolic";6;92,9316666666667;3,00715424723553
"600";"23_AA_Chadic";"31_AL_Turkic";26;90,1142307692308;3,99371723894111
"601";"23_AA_Chadic";"32_TU_Tungusic";3;93,6733333333333;6,25141050750415
"602";"23_AA_Chadic";"33_UR_Uralic";20;89,752;3,79739883271916
"603";"23_AA_Chadic";"50_CA_NE_Caucasian";9;89,0022222222222;6,18545830512537
"604";"23_AA_Chadic";"50_CA_NW_Caucasian";5;94,312;2,97449491510744
"605";"23_AA_Chadic";"51_KA_Kartvelian";2;89,285;2,52437120883597
"606";"23_AA_Chadic";"60_DR_Dravidian";6;92,3316666666667;2,86356712278003
"607";"23_AA_Chadic";"40_MP_Malay";12;84,6675;4,46384694467166
"608";"23_AA_Chadic";"41_MP_Polynesian";6;90,0816666666667;3,21805790293877
"609";"23_AA_Chadic";"52_ST_Sino_Tibetan";9;89,97;6,00364472633083
"610";"23_AA_Chadic";"55_AU_Austroasiatic";6;90,8916666666667;5,13990045299193
"611";"23_AA_Chadic";"53_TK_Tai_Kadai";9;90,86;4,45070780887714
"612";"23_AA_Chadic";"Dummy";400;90,8304;4,8991737158162
"613";"24_AA_Cushitic";"00_IE_PIE";0;NA;NA
"614";"24_AA_Cushitic";"01_IE_Tocharian";0;NA;NA
"615";"24_AA_Cushitic";"02_IE_Indo_Aryan";60;86,2236666666667;4,80666873143816
"616";"24_AA_Cushitic";"03_IE_Iranian";33;86,6618181818182;3,86467936456688
"617";"24_AA_Cushitic";"04_IE_Baltic";6;90,8183333333333;2,3642200969171
"618";"24_AA_Cushitic";"05_IE_Slavic";33;89,7157575757576;5,4101051458723
"619";"24_AA_Cushitic";"06_IE_Germanic";54;87,257037037037;4,01529793045304
"620";"24_AA_Cushitic";"07_IE_Celtic";15;90,328;3,05940283622241
"621";"24_AA_Cushitic";"08_IE_Romance";36;93,7641666666667;2,1215147890128
"622";"24_AA_Cushitic";"08_IE_Sard_Romance";6;88,7366666666667;2,81665522680122
"623";"24_AA_Cushitic";"08_IE_East_Romance";9;89,36;2,56925572880552
"624";"24_AA_Cushitic";"09_IE_Greek";6;91,09;4,4706151701975
"625";"24_AA_Cushitic";"10_IE_Albanian";9;84,0333333333333;4,93856507499901
"626";"24_AA_Cushitic";"11_IE_Armenian";6;94,6333333333333;0,591698121229625
"627";"24_AA_Cushitic";"12_IE_Anatolian";0;NA;NA
"628";"24_AA_Cushitic";"20_AA_Semitic";18;86,135;5,06789113815947
"629";"24_AA_Cushitic";"21_AA_Berber";6;89,77;3,16426926793533
"630";"24_AA_Cushitic";"23_AA_Chadic";6;87,0633333333333;3,59660766093088
"631";"24_AA_Cushitic";"24_AA_Cushitic";6;59,4533333333333;4,25396129115754
"632";"24_AA_Cushitic";"25_AA_Omotic";3;85,1633333333333;7,04005918535727
"633";"24_AA_Cushitic";"30_AL_Mongolic";9;87,8877777777778;4,01378181325847
"634";"24_AA_Cushitic";"31_AL_Turkic";39;90,3523076923077;2,15957410706061
"635";"24_AA_Cushitic";"32_TU_Tungusic";6;91,6233333333333;7,22039241777527
"636";"24_AA_Cushitic";"33_UR_Uralic";30;89,333;4,27039944025268
"637";"24_AA_Cushitic";"50_CA_NE_Caucasian";15;93,696;4,23192931347934
"638";"24_AA_Cushitic";"50_CA_NW_Caucasian";9;91,1011111111111;4,48792949043444
"639";"24_AA_Cushitic";"51_KA_Kartvelian";3;91,4533333333333;8,1071717222058
"640";"24_AA_Cushitic";"60_DR_Dravidian";15;92,6966666666667;3,92453030249966
"641";"24_AA_Cushitic";"40_MP_Malay";18;90,1877777777778;3,01866459675672
"642";"24_AA_Cushitic";"41_MP_Polynesian";9;85,7533333333333;6,67208737952374
"643";"24_AA_Cushitic";"52_ST_Sino_Tibetan";15;88,02;4,44402970287103
"644";"24_AA_Cushitic";"55_AU_Austroasiatic";9;91,02;3,82735548388179
"645";"24_AA_Cushitic";"53_TK_Tai_Kadai";15;88,1673333333333;3,648174625102
"646";"24_AA_Cushitic";"Dummy";600;91,6213;4,72950391925027
"647";"25_AA_Omotic";"00_IE_PIE";0;NA;NA
"648";"25_AA_Omotic";"01_IE_Tocharian";0;NA;NA
"649";"25_AA_Omotic";"02_IE_Indo_Aryan";18;85,5616666666667;4,70188729316719
"650";"25_AA_Omotic";"03_IE_Iranian";11;91,8972727272727;2,89901048949151
"651";"25_AA_Omotic";"04_IE_Baltic";2;88,865;3,09005663378521
"652";"25_AA_Omotic";"05_IE_Slavic";11;85,3490909090909;2,80838905618668
"653";"25_AA_Omotic";"06_IE_Germanic";18;82,0866666666667;2,80873218206867
"654";"25_AA_Omotic";"07_IE_Celtic";5;92,576;4,36948280692349
"655";"25_AA_Omotic";"08_IE_Romance";12;87,7908333333333;3,04163071792787
"656";"25_AA_Omotic";"08_IE_Sard_Romance";2;89,095;2,48194480196478
"657";"25_AA_Omotic";"08_IE_East_Romance";2;87,34;0
"658";"25_AA_Omotic";"09_IE_Greek";2;82,83;6,06697618258058
"659";"25_AA_Omotic";"10_IE_Albanian";3;80,4933333333333;1,92834989909335
"660";"25_AA_Omotic";"11_IE_Armenian";2;91,13;0
"661";"25_AA_Omotic";"12_IE_Anatolian";0;NA;NA
"662";"25_AA_Omotic";"20_AA_Semitic";6;81,1416666666667;3,71260241160654
"663";"25_AA_Omotic";"21_AA_Berber";2;81,1;3,95979797464467
"664";"25_AA_Omotic";"23_AA_Chadic";1;85,71;NA
"665";"25_AA_Omotic";"24_AA_Cushitic";3;85,1633333333333;7,04005918535727
"666";"25_AA_Omotic";"25_AA_Omotic";0;NA;NA
"667";"25_AA_Omotic";"30_AL_Mongolic";3;95,1233333333333;1,92834989909334
"668";"25_AA_Omotic";"31_AL_Turkic";12;94,6925;2,5356194330165
"669";"25_AA_Omotic";"32_TU_Tungusic";2;94,865;3,74059487247684
"670";"25_AA_Omotic";"33_UR_Uralic";9;88,9722222222222;3,4643750438491
"671";"25_AA_Omotic";"50_CA_NE_Caucasian";5;86,162;4,25611559993382
"672";"25_AA_Omotic";"50_CA_NW_Caucasian";3;89,4333333333333;3,32545235018235
"673";"25_AA_Omotic";"51_KA_Kartvelian";1;89,06;NA
"674";"25_AA_Omotic";"60_DR_Dravidian";0;NA;NA
"675";"25_AA_Omotic";"40_MP_Malay";5;94,884;2,89522537982797
"676";"25_AA_Omotic";"41_MP_Polynesian";3;99,26;1,28171759760097
"677";"25_AA_Omotic";"52_ST_Sino_Tibetan";4;92,515;2,79039423737937
"678";"25_AA_Omotic";"55_AU_Austroasiatic";3;91,9366666666667;1,55705919390797
"679";"25_AA_Omotic";"53_TK_Tai_Kadai";3;89,6233333333333;1,51064004095394
"680";"25_AA_Omotic";"Dummy";200;91,6133;4,84145147366565
"681";"30_AL_Mongolic";"00_IE_PIE";0;NA;NA
"682";"30_AL_Mongolic";"01_IE_Tocharian";0;NA;NA
"683";"30_AL_Mongolic";"02_IE_Indo_Aryan";60;83,0553333333333;4,20739521120572
"684";"30_AL_Mongolic";"03_IE_Iranian";33;87,0106060606061;4,46444071202789
"685";"30_AL_Mongolic";"04_IE_Baltic";6;88,0266666666667;2,65832027165025
"686";"30_AL_Mongolic";"05_IE_Slavic";33;90,9112121212121;3,37094178010367
"687";"30_AL_Mongolic";"06_IE_Germanic";54;93,6783333333333;2,99913997106466
"688";"30_AL_Mongolic";"07_IE_Celtic";15;88,626;3,36699908778468
"689";"30_AL_Mongolic";"08_IE_Romance";36;88,2341666666667;3,02518795165807
"690";"30_AL_Mongolic";"08_IE_Sard_Romance";6;89,1233333333333;2,61577267106044
"691";"30_AL_Mongolic";"08_IE_East_Romance";9;85,5266666666667;2,86269104165993
"692";"30_AL_Mongolic";"09_IE_Greek";6;82,55;3,44597156111306
"693";"30_AL_Mongolic";"10_IE_Albanian";9;87,6122222222222;3,74894911201052
"694";"30_AL_Mongolic";"11_IE_Armenian";6;88,6533333333333;3,40744283395432
"695";"30_AL_Mongolic";"12_IE_Anatolian";0;NA;NA
"696";"30_AL_Mongolic";"20_AA_Semitic";18;89,8683333333333;2,89345763038333
"697";"30_AL_Mongolic";"21_AA_Berber";6;91,7416666666667;4,06240035775238
"698";"30_AL_Mongolic";"23_AA_Chadic";6;92,9316666666667;3,00715424723553
"699";"30_AL_Mongolic";"24_AA_Cushitic";9;87,8877777777778;4,01378181325847
"700";"30_AL_Mongolic";"25_AA_Omotic";3;95,1233333333333;1,92834989909334
"701";"30_AL_Mongolic";"30_AL_Mongolic";6;24,9533333333333;0,831640948166135
"702";"30_AL_Mongolic";"31_AL_Turkic";39;80,6320512820513;4,33066798025382
"703";"30_AL_Mongolic";"32_TU_Tungusic";6;83,175;2,71659161450521
"704";"30_AL_Mongolic";"33_UR_Uralic";30;83,24;6,27193640009978
"705";"30_AL_Mongolic";"50_CA_NE_Caucasian";15;91,37;1,90693845881672
"706";"30_AL_Mongolic";"50_CA_NW_Caucasian";9;93,0844444444444;2,56006401829676
"707";"30_AL_Mongolic";"51_KA_Kartvelian";3;89,76;2,79055550025439
"708";"30_AL_Mongolic";"60_DR_Dravidian";15;95,4173333333333;2,32211254392776
"709";"30_AL_Mongolic";"40_MP_Malay";18;91,4311111111111;4,36686573412434
"710";"30_AL_Mongolic";"41_MP_Polynesian";9;90,9211111111111;3,94082619651147
"711";"30_AL_Mongolic";"52_ST_Sino_Tibetan";15;89,3366666666667;5,09417688103172
"712";"30_AL_Mongolic";"55_AU_Austroasiatic";9;93,1566666666667;2,87641704208552
"713";"30_AL_Mongolic";"53_TK_Tai_Kadai";15;93,4673333333333;3,78500701389549
"714";"30_AL_Mongolic";"Dummy";600;90,5943833333333;4,63810726677227
"715";"31_AL_Turkic";"00_IE_PIE";0;NA;NA
"716";"31_AL_Turkic";"01_IE_Tocharian";0;NA;NA
"717";"31_AL_Turkic";"02_IE_Indo_Aryan";260;85,9885769230769;4,1767308036807
"718";"31_AL_Turkic";"03_IE_Iranian";143;88,6484615384615;5,26176419133359
"719";"31_AL_Turkic";"04_IE_Baltic";26;89,3946153846154;1,3744765717006
"720";"31_AL_Turkic";"05_IE_Slavic";143;89,973006993007;2,04346951405699
"721";"31_AL_Turkic";"06_IE_Germanic";234;92,6589743589744;2,69797997384226
"722";"31_AL_Turkic";"07_IE_Celtic";65;79,9843076923077;5,21671950595833
"723";"31_AL_Turkic";"08_IE_Romance";156;90,7228846153846;3,02080122027368
"724";"31_AL_Turkic";"08_IE_Sard_Romance";26;91,6642307692308;3,27684381449824
"725";"31_AL_Turkic";"08_IE_East_Romance";39;88,2653846153846;3,25084106214623
"726";"31_AL_Turkic";"09_IE_Greek";26;91,1065384615385;3,20679770775482
"727";"31_AL_Turkic";"10_IE_Albanian";39;89,0461538461538;1,9810266017298
"728";"31_AL_Turkic";"11_IE_Armenian";26;90,3896153846154;1,86002468966244
"729";"31_AL_Turkic";"12_IE_Anatolian";0;NA;NA
"730";"31_AL_Turkic";"20_AA_Semitic";78;93,9437179487179;3,95509702672924
"731";"31_AL_Turkic";"21_AA_Berber";26;96,5261538461538;2,34042915196863
"732";"31_AL_Turkic";"23_AA_Chadic";26;90,1142307692308;3,99371723894111
"733";"31_AL_Turkic";"24_AA_Cushitic";39;90,3523076923077;2,15957410706061
"734";"31_AL_Turkic";"25_AA_Omotic";12;94,6925;2,5356194330165
"735";"31_AL_Turkic";"30_AL_Mongolic";39;80,6320512820513;4,33066798025382
"736";"31_AL_Turkic";"31_AL_Turkic";156;27,6967948717949;13,8330034985143
"737";"31_AL_Turkic";"32_TU_Tungusic";26;89,7511538461538;5,09640840351169
"738";"31_AL_Turkic";"33_UR_Uralic";130;83,4175384615385;5,45805983383033
"739";"31_AL_Turkic";"50_CA_NE_Caucasian";65;86,6812307692308;4,06433132096025
"740";"31_AL_Turkic";"50_CA_NW_Caucasian";39;85,9346153846154;4,49271975191317
"741";"31_AL_Turkic";"51_KA_Kartvelian";13;86,8992307692308;3,18686748374864
"742";"31_AL_Turkic";"60_DR_Dravidian";61;87,2255737704918;3,41375918140602
"743";"31_AL_Turkic";"40_MP_Malay";78;89,9970512820513;5,59117512193002
"744";"31_AL_Turkic";"41_MP_Polynesian";39;95,5528205128205;3,31544547194836
"745";"31_AL_Turkic";"52_ST_Sino_Tibetan";65;86,5729230769231;5,54864390050536
"746";"31_AL_Turkic";"55_AU_Austroasiatic";39;90,4464102564103;4,22414705633886
"747";"31_AL_Turkic";"53_TK_Tai_Kadai";64;92,08125;3,84444373336997
"748";"31_AL_Turkic";"Dummy";2600;90,6277192307692;4,57576676283736
"749";"32_TU_Tungusic";"00_IE_PIE";0;NA;NA
"750";"32_TU_Tungusic";"01_IE_Tocharian";0;NA;NA
"751";"32_TU_Tungusic";"02_IE_Indo_Aryan";40;85,94475;4,8383091915806
"752";"32_TU_Tungusic";"03_IE_Iranian";22;96,0968181818182;3,57947640007604
"753";"32_TU_Tungusic";"04_IE_Baltic";4;91,53;1,61251356583441
"754";"32_TU_Tungusic";"05_IE_Slavic";22;93,6345454545454;1,36893329091609
"755";"32_TU_Tungusic";"06_IE_Germanic";36;92,7505555555556;3,0482078523472
"756";"32_TU_Tungusic";"07_IE_Celtic";10;87,942;9,96285300503827
"757";"32_TU_Tungusic";"08_IE_Romance";24;93,21625;3,73176355616623
"758";"32_TU_Tungusic";"08_IE_Sard_Romance";4;90,0525;4,43492483964873
"759";"32_TU_Tungusic";"08_IE_East_Romance";6;91,6;3,30587961063315
"760";"32_TU_Tungusic";"09_IE_Greek";4;93,67;3,47891745614446
"761";"32_TU_Tungusic";"10_IE_Albanian";6;94,7066666666667;1,35593018502675
"762";"32_TU_Tungusic";"11_IE_Armenian";4;92,9475;1,8262415867933
"763";"32_TU_Tungusic";"12_IE_Anatolian";0;NA;NA
"764";"32_TU_Tungusic";"20_AA_Semitic";12;87,3325;5,50472214640221
"765";"32_TU_Tungusic";"21_AA_Berber";4;92,2975;4,02137932389704
"766";"32_TU_Tungusic";"23_AA_Chadic";3;93,6733333333333;6,25141050750415
"767";"32_TU_Tungusic";"24_AA_Cushitic";6;91,6233333333333;7,22039241777527
"768";"32_TU_Tungusic";"25_AA_Omotic";2;94,865;3,74059487247684
"769";"32_TU_Tungusic";"30_AL_Mongolic";6;83,175;2,71659161450521
"770";"32_TU_Tungusic";"31_AL_Turkic";26;89,7511538461538;5,09640840351169
"771";"32_TU_Tungusic";"32_TU_Tungusic";2;32,99;0
"772";"32_TU_Tungusic";"33_UR_Uralic";20;89,525;5,8905012743533
"773";"32_TU_Tungusic";"50_CA_NE_Caucasian";10;93,538;3,07332899493548
"774";"32_TU_Tungusic";"50_CA_NW_Caucasian";6;94,6716666666667;4,90198089211562
"775";"32_TU_Tungusic";"51_KA_Kartvelian";2;72,625;8,59134739141656
"776";"32_TU_Tungusic";"60_DR_Dravidian";6;95,5266666666667;1,79504503193281
"777";"32_TU_Tungusic";"40_MP_Malay";12;92,0133333333333;2,86106252778208
"778";"32_TU_Tungusic";"41_MP_Polynesian";6;95,7833333333333;2,39019385545748
"779";"32_TU_Tungusic";"52_ST_Sino_Tibetan";10;92,871;3,58583772948836
"780";"32_TU_Tungusic";"55_AU_Austroasiatic";6;94,9766666666667;4,05156595240244
"781";"32_TU_Tungusic";"53_TK_Tai_Kadai";9;90,5733333333333;2,47042506463969
"782";"32_TU_Tungusic";"Dummy";400;92,4745;4,30937530726289
"783";"33_UR_Uralic";"00_IE_PIE";0;NA;NA
"784";"33_UR_Uralic";"01_IE_Tocharian";0;NA;NA
"785";"33_UR_Uralic";"02_IE_Indo_Aryan";200;79,27815;4,66224804807821
"786";"33_UR_Uralic";"03_IE_Iranian";110;82,9211818181818;5,05586528893422
"787";"33_UR_Uralic";"04_IE_Baltic";20;88,5335;4,26468888851103
"788";"33_UR_Uralic";"05_IE_Slavic";110;85,9762727272727;3,70813062997707
"789";"33_UR_Uralic";"06_IE_Germanic";180;86,1670555555555;3,45847654277087
"790";"33_UR_Uralic";"07_IE_Celtic";50;84,8536;6,31761475267884
"791";"33_UR_Uralic";"08_IE_Romance";120;83,3800833333333;4,81700358339175
"792";"33_UR_Uralic";"08_IE_Sard_Romance";20;82,0145;4,59908054312003
"793";"33_UR_Uralic";"08_IE_East_Romance";30;85,4023333333333;3,42508865561909
"794";"33_UR_Uralic";"09_IE_Greek";20;87,413;2,24504155394669
"795";"33_UR_Uralic";"10_IE_Albanian";30;84,9653333333333;3,55195112320105
"796";"33_UR_Uralic";"11_IE_Armenian";20;93,671;2,32659430340392
"797";"33_UR_Uralic";"12_IE_Anatolian";0;NA;NA
"798";"33_UR_Uralic";"20_AA_Semitic";60;90,0533333333333;3,21846140031393
"799";"33_UR_Uralic";"21_AA_Berber";20;88,491;3,03328014219799
"800";"33_UR_Uralic";"23_AA_Chadic";20;89,752;3,79739883271916
"801";"33_UR_Uralic";"24_AA_Cushitic";30;89,333;4,27039944025268
"802";"33_UR_Uralic";"25_AA_Omotic";9;88,9722222222222;3,4643750438491
"803";"33_UR_Uralic";"30_AL_Mongolic";30;83,24;6,27193640009978
"804";"33_UR_Uralic";"31_AL_Turkic";130;83,4175384615385;5,45805983383033
"805";"33_UR_Uralic";"32_TU_Tungusic";20;89,525;5,8905012743533
"806";"33_UR_Uralic";"33_UR_Uralic";90;52,5;16,7556344372052
"807";"33_UR_Uralic";"50_CA_NE_Caucasian";50;90,1652;4,54237339742482
"808";"33_UR_Uralic";"50_CA_NW_Caucasian";30;92,8286666666667;2,56521926646777
"809";"33_UR_Uralic";"51_KA_Kartvelian";10;86,524;6,36325772610923
"810";"33_UR_Uralic";"60_DR_Dravidian";49;86,9830612244898;5,05452116264968
"811";"33_UR_Uralic";"40_MP_Malay";60;94,713;4,03488235184377
"812";"33_UR_Uralic";"41_MP_Polynesian";30;94,461;3,20981399181774
"813";"33_UR_Uralic";"52_ST_Sino_Tibetan";50;91,659;3,97578140182556
"814";"33_UR_Uralic";"55_AU_Austroasiatic";30;94,2813333333333;3,09099552463819
"815";"33_UR_Uralic";"53_TK_Tai_Kadai";50;95,3944;3,70655523005788
"816";"33_UR_Uralic";"Dummy";2000;91,574335;4,42744559481226
"817";"50_CA_NE_Caucasian";"00_IE_PIE";0;NA;NA
"818";"50_CA_NE_Caucasian";"01_IE_Tocharian";0;NA;NA
"819";"50_CA_NE_Caucasian";"02_IE_Indo_Aryan";100;94,152;3,21977130751972
"820";"50_CA_NE_Caucasian";"03_IE_Iranian";55;93,8830909090909;4,11621044378302
"821";"50_CA_NE_Caucasian";"04_IE_Baltic";10;92,262;4,85160866792311
"822";"50_CA_NE_Caucasian";"05_IE_Slavic";55;94,8896363636364;2,49839130733741
"823";"50_CA_NE_Caucasian";"06_IE_Germanic";90;96,3252222222222;2,4067831240563
"824";"50_CA_NE_Caucasian";"07_IE_Celtic";25;96,2472;2,77179021572701
"825";"50_CA_NE_Caucasian";"08_IE_Romance";60;96,1175;3,76626894680412
"826";"50_CA_NE_Caucasian";"08_IE_Sard_Romance";10;95,568;3,28366597299759
"827";"50_CA_NE_Caucasian";"08_IE_East_Romance";15;95,65;2,70184328613951
"828";"50_CA_NE_Caucasian";"09_IE_Greek";10;95,434;2,28594838086952
"829";"50_CA_NE_Caucasian";"10_IE_Albanian";15;92,7473333333333;5,46036559041173
"830";"50_CA_NE_Caucasian";"11_IE_Armenian";10;90,161;4,0766856091138
"831";"50_CA_NE_Caucasian";"12_IE_Anatolian";0;NA;NA
"832";"50_CA_NE_Caucasian";"20_AA_Semitic";30;91,0653333333333;4,18704960178597
"833";"50_CA_NE_Caucasian";"21_AA_Berber";10;90,144;3,41098291471013
"834";"50_CA_NE_Caucasian";"23_AA_Chadic";9;89,0022222222222;6,18545830512537
"835";"50_CA_NE_Caucasian";"24_AA_Cushitic";15;93,696;4,23192931347934
"836";"50_CA_NE_Caucasian";"25_AA_Omotic";5;86,162;4,25611559993382
"837";"50_CA_NE_Caucasian";"30_AL_Mongolic";15;91,37;1,90693845881672
"838";"50_CA_NE_Caucasian";"31_AL_Turkic";65;86,6812307692308;4,06433132096025
"839";"50_CA_NE_Caucasian";"32_TU_Tungusic";10;93,538;3,07332899493548
"840";"50_CA_NE_Caucasian";"33_UR_Uralic";50;90,1652;4,54237339742482
"841";"50_CA_NE_Caucasian";"50_CA_NE_Caucasian";20;78,413;6,01945801022335
"842";"50_CA_NE_Caucasian";"50_CA_NW_Caucasian";15;88,9306666666667;5,23929720841405
"843";"50_CA_NE_Caucasian";"51_KA_Kartvelian";5;90,894;8,15658506974579
"844";"50_CA_NE_Caucasian";"60_DR_Dravidian";21;86,4571428571429;6,78126178734986
"845";"50_CA_NE_Caucasian";"40_MP_Malay";30;95,488;3,44787630788617
"846";"50_CA_NE_Caucasian";"41_MP_Polynesian";15;95,3586666666667;3,33756512331684
"847";"50_CA_NE_Caucasian";"52_ST_Sino_Tibetan";25;94,2608;3,67558149594501
"848";"50_CA_NE_Caucasian";"55_AU_Austroasiatic";15;91,64;4,33007918106421
"849";"50_CA_NE_Caucasian";"53_TK_Tai_Kadai";24;92,20875;4,34485133832838
"850";"50_CA_NE_Caucasian";"Dummy";1000;92,02587;4,27135183397359
"851";"50_CA_NW_Caucasian";"00_IE_PIE";0;NA;NA
"852";"50_CA_NW_Caucasian";"01_IE_Tocharian";0;NA;NA
"853";"50_CA_NW_Caucasian";"02_IE_Indo_Aryan";60;92,4646666666667;3,6061630234104
"854";"50_CA_NW_Caucasian";"03_IE_Iranian";33;87,0118181818182;4,21632797477961
"855";"50_CA_NW_Caucasian";"04_IE_Baltic";6;88,6683333333333;1,82492100285647
"856";"50_CA_NW_Caucasian";"05_IE_Slavic";33;89,2848484848485;1,9779015414261
"857";"50_CA_NW_Caucasian";"06_IE_Germanic";54;93,4414814814815;2,76235298074244
"858";"50_CA_NW_Caucasian";"07_IE_Celtic";15;93,044;3,15054371724718
"859";"50_CA_NW_Caucasian";"08_IE_Romance";36;95,2952777777778;2,42347269855365
"860";"50_CA_NW_Caucasian";"08_IE_Sard_Romance";6;95,48;2,41607119100411
"861";"50_CA_NW_Caucasian";"08_IE_East_Romance";9;89,9611111111111;1,31470000802887
"862";"50_CA_NW_Caucasian";"09_IE_Greek";6;93,2233333333333;4,09007905384073
"863";"50_CA_NW_Caucasian";"10_IE_Albanian";9;92,8066666666667;5,51905789061865
"864";"50_CA_NW_Caucasian";"11_IE_Armenian";6;92,7533333333333;2,66263528607781
"865";"50_CA_NW_Caucasian";"12_IE_Anatolian";0;NA;NA
"866";"50_CA_NW_Caucasian";"20_AA_Semitic";18;92,5788888888889;4,72250169107669
"867";"50_CA_NW_Caucasian";"21_AA_Berber";6;94,9316666666667;3,3914741141083
"868";"50_CA_NW_Caucasian";"23_AA_Chadic";5;94,312;2,97449491510744
"869";"50_CA_NW_Caucasian";"24_AA_Cushitic";9;91,1011111111111;4,48792949043444
"870";"50_CA_NW_Caucasian";"25_AA_Omotic";3;89,4333333333333;3,32545235018235
"871";"50_CA_NW_Caucasian";"30_AL_Mongolic";9;93,0844444444444;2,56006401829676
"872";"50_CA_NW_Caucasian";"31_AL_Turkic";39;85,9346153846154;4,49271975191317
"873";"50_CA_NW_Caucasian";"32_TU_Tungusic";6;94,6716666666667;4,90198089211562
"874";"50_CA_NW_Caucasian";"33_UR_Uralic";30;92,8286666666667;2,56521926646777
"875";"50_CA_NW_Caucasian";"50_CA_NE_Caucasian";15;88,9306666666667;5,23929720841405
"876";"50_CA_NW_Caucasian";"50_CA_NW_Caucasian";6;48,6466666666667;30,3121841289384
"877";"50_CA_NW_Caucasian";"51_KA_Kartvelian";3;94,85;4,39940905122495
"878";"50_CA_NW_Caucasian";"60_DR_Dravidian";11;92,4763636363636;3,66440792687515
"879";"50_CA_NW_Caucasian";"40_MP_Malay";18;93,1855555555556;3,59999872912105
"880";"50_CA_NW_Caucasian";"41_MP_Polynesian";9;95,22;1,35511992089261
"881";"50_CA_NW_Caucasian";"52_ST_Sino_Tibetan";15;91,0206666666667;4,08987856380439
"882";"50_CA_NW_Caucasian";"55_AU_Austroasiatic";9;89,28;4,42570050952389
"883";"50_CA_NW_Caucasian";"53_TK_Tai_Kadai";14;92,4721428571429;4,57925452208348
"884";"50_CA_NW_Caucasian";"Dummy";600;92,7458166666667;4,40785264514265
"885";"51_KA_Kartvelian";"00_IE_PIE";0;NA;NA
"886";"51_KA_Kartvelian";"01_IE_Tocharian";0;NA;NA
"887";"51_KA_Kartvelian";"02_IE_Indo_Aryan";20;85,172;4,05955351446955
"888";"51_KA_Kartvelian";"03_IE_Iranian";11;94,1318181818182;4,98911178103241
"889";"51_KA_Kartvelian";"04_IE_Baltic";2;95,37;1,31521861300698
"890";"51_KA_Kartvelian";"05_IE_Slavic";11;96,9227272727273;1,06521444703957
"891";"51_KA_Kartvelian";"06_IE_Germanic";18;91,8366666666667;2,28622730587264
"892";"51_KA_Kartvelian";"07_IE_Celtic";5;86,526;6,45023487944431
"893";"51_KA_Kartvelian";"08_IE_Romance";12;99,2441666666667;1,80079506851498
"894";"51_KA_Kartvelian";"08_IE_Sard_Romance";2;96,76;0,650538238691625
"895";"51_KA_Kartvelian";"08_IE_East_Romance";3;99,0733333333333;1,60503374834716
"896";"51_KA_Kartvelian";"09_IE_Greek";2;87,105;1,33643181644258
"897";"51_KA_Kartvelian";"10_IE_Albanian";3;94,44;0
"898";"51_KA_Kartvelian";"11_IE_Armenian";2;90,28;1,9657568516986
"899";"51_KA_Kartvelian";"12_IE_Anatolian";0;NA;NA
"900";"51_KA_Kartvelian";"20_AA_Semitic";6;93,3583333333333;2,06973830874018
"901";"51_KA_Kartvelian";"21_AA_Berber";2;96,74;1,44249783362056
"902";"51_KA_Kartvelian";"23_AA_Chadic";2;89,285;2,52437120883597
"903";"51_KA_Kartvelian";"24_AA_Cushitic";3;91,4533333333333;8,1071717222058
"904";"51_KA_Kartvelian";"25_AA_Omotic";1;89,06;NA
"905";"51_KA_Kartvelian";"30_AL_Mongolic";3;89,76;2,79055550025439
"906";"51_KA_Kartvelian";"31_AL_Turkic";13;86,8992307692308;3,18686748374864
"907";"51_KA_Kartvelian";"32_TU_Tungusic";2;72,625;8,59134739141656
"908";"51_KA_Kartvelian";"33_UR_Uralic";10;86,524;6,36325772610923
"909";"51_KA_Kartvelian";"50_CA_NE_Caucasian";5;90,894;8,15658506974579
"910";"51_KA_Kartvelian";"50_CA_NW_Caucasian";3;94,85;4,39940905122495
"911";"51_KA_Kartvelian";"51_KA_Kartvelian";0;NA;NA
"912";"51_KA_Kartvelian";"60_DR_Dravidian";5;84,966;6,70008059653016
"913";"51_KA_Kartvelian";"40_MP_Malay";6;94,2766666666667;3,32770591649362
"914";"51_KA_Kartvelian";"41_MP_Polynesian";3;93,5466666666667;4,20737843951948
"915";"51_KA_Kartvelian";"52_ST_Sino_Tibetan";5;90,91;1,62860369642219
"916";"51_KA_Kartvelian";"55_AU_Austroasiatic";3;92,7533333333333;2,87507101361572
"917";"51_KA_Kartvelian";"53_TK_Tai_Kadai";5;88,23;3,12092133832303
"918";"51_KA_Kartvelian";"Dummy";200;92,81675;4,04098499578765
"919";"60_DR_Dravidian";"00_IE_PIE";0;NA;NA
"920";"60_DR_Dravidian";"01_IE_Tocharian";0;NA;NA
"921";"60_DR_Dravidian";"02_IE_Indo_Aryan";98;89,9337755102041;5,01067633669814
"922";"60_DR_Dravidian";"03_IE_Iranian";55;94,8592727272727;3,76401817139779
"923";"60_DR_Dravidian";"04_IE_Baltic";10;95,494;2,364958068691
"924";"60_DR_Dravidian";"05_IE_Slavic";55;92,636;4,44984377586782
"925";"60_DR_Dravidian";"06_IE_Germanic";90;91,7615555555556;3,3080422640097
"926";"60_DR_Dravidian";"07_IE_Celtic";25;90,6208;6,06445375391167
"927";"60_DR_Dravidian";"08_IE_Romance";60;96,3033333333333;3,80661185114936
"928";"60_DR_Dravidian";"08_IE_Sard_Romance";10;97,783;2,07569024664086
"929";"60_DR_Dravidian";"08_IE_East_Romance";11;93,3472727272727;3,05781978183506
"930";"60_DR_Dravidian";"09_IE_Greek";10;89,948;5,08383013965739
"931";"60_DR_Dravidian";"10_IE_Albanian";15;89,2466666666667;4,18239792235894
"932";"60_DR_Dravidian";"11_IE_Armenian";10;89,301;2,5874631505696
"933";"60_DR_Dravidian";"12_IE_Anatolian";0;NA;NA
"934";"60_DR_Dravidian";"20_AA_Semitic";30;88,491;3,98076439549162
"935";"60_DR_Dravidian";"21_AA_Berber";6;96,3016666666667;1,48602041260094
"936";"60_DR_Dravidian";"23_AA_Chadic";6;92,3316666666667;2,86356712278003
"937";"60_DR_Dravidian";"24_AA_Cushitic";15;92,6966666666667;3,92453030249966
"938";"60_DR_Dravidian";"25_AA_Omotic";0;NA;NA
"939";"60_DR_Dravidian";"30_AL_Mongolic";15;95,4173333333333;2,32211254392776
"940";"60_DR_Dravidian";"31_AL_Turkic";61;87,2255737704918;3,41375918140602
"941";"60_DR_Dravidian";"32_TU_Tungusic";6;95,5266666666667;1,79504503193281
"942";"60_DR_Dravidian";"33_UR_Uralic";49;86,9830612244898;5,05452116264968
"943";"60_DR_Dravidian";"50_CA_NE_Caucasian";21;86,4571428571429;6,78126178734986
"944";"60_DR_Dravidian";"50_CA_NW_Caucasian";11;92,4763636363636;3,66440792687515
"945";"60_DR_Dravidian";"51_KA_Kartvelian";5;84,966;6,70008059653016
"946";"60_DR_Dravidian";"60_DR_Dravidian";12;32,2833333333333;6,28860923103082
"947";"60_DR_Dravidian";"40_MP_Malay";26;94,005;3,20051402121597
"948";"60_DR_Dravidian";"41_MP_Polynesian";15;97,194;2,82681496690938
"949";"60_DR_Dravidian";"52_ST_Sino_Tibetan";17;86,8970588235294;3,82205567186345
"950";"60_DR_Dravidian";"55_AU_Austroasiatic";15;87,6113333333333;2,62064568561334
"951";"60_DR_Dravidian";"53_TK_Tai_Kadai";17;91,5005882352941;3,70605327570354
"952";"60_DR_Dravidian";"Dummy";1000;91,11526;5,0846560217245
"953";"40_MP_Malay";"00_IE_PIE";0;NA;NA
"954";"40_MP_Malay";"01_IE_Tocharian";0;NA;NA
"955";"40_MP_Malay";"02_IE_Indo_Aryan";120;85,9505833333333;4,48729809514343
"956";"40_MP_Malay";"03_IE_Iranian";66;88,9484848484849;3,03760748080775
"957";"40_MP_Malay";"04_IE_Baltic";12;86,7791666666667;4,97644169760854
"958";"40_MP_Malay";"05_IE_Slavic";66;91,0448484848485;3,47741382348534
"959";"40_MP_Malay";"06_IE_Germanic";108;86,5701851851852;5,12618037129311
"960";"40_MP_Malay";"07_IE_Celtic";30;84,4626666666667;5,8272054775991
"961";"40_MP_Malay";"08_IE_Romance";72;88,7219444444444;3,65239170680921
"962";"40_MP_Malay";"08_IE_Sard_Romance";12;82,325;3,71221938027277
"963";"40_MP_Malay";"08_IE_East_Romance";18;82,8855555555556;4,07575503250224
"964";"40_MP_Malay";"09_IE_Greek";12;86,7058333333333;5,85511347352712
"965";"40_MP_Malay";"10_IE_Albanian";18;91,3077777777778;2,61479175991367
"966";"40_MP_Malay";"11_IE_Armenian";12;91,1516666666667;4,73007175293132
"967";"40_MP_Malay";"12_IE_Anatolian";0;NA;NA
"968";"40_MP_Malay";"20_AA_Semitic";36;88,0172222222222;4,56964556994529
"969";"40_MP_Malay";"21_AA_Berber";12;84,0775;3,54057808582415
"970";"40_MP_Malay";"23_AA_Chadic";12;84,6675;4,46384694467166
"971";"40_MP_Malay";"24_AA_Cushitic";18;90,1877777777778;3,01866459675672
"972";"40_MP_Malay";"25_AA_Omotic";5;94,884;2,89522537982797
"973";"40_MP_Malay";"30_AL_Mongolic";18;91,4311111111111;4,36686573412434
"974";"40_MP_Malay";"31_AL_Turkic";78;89,9970512820513;5,59117512193002
"975";"40_MP_Malay";"32_TU_Tungusic";12;92,0133333333333;2,86106252778208
"976";"40_MP_Malay";"33_UR_Uralic";60;94,713;4,03488235184377
"977";"40_MP_Malay";"50_CA_NE_Caucasian";30;95,488;3,44787630788617
"978";"40_MP_Malay";"50_CA_NW_Caucasian";18;93,1855555555556;3,59999872912105
"979";"40_MP_Malay";"51_KA_Kartvelian";6;94,2766666666667;3,32770591649362
"980";"40_MP_Malay";"60_DR_Dravidian";26;94,005;3,20051402121597
"981";"40_MP_Malay";"40_MP_Malay";30;55,6346666666667;16,6938377508162
"982";"40_MP_Malay";"41_MP_Polynesian";18;80,2627777777778;4,29599102523375
"983";"40_MP_Malay";"52_ST_Sino_Tibetan";30;91,238;5,22880773645652
"984";"40_MP_Malay";"55_AU_Austroasiatic";18;86,4472222222222;6,09637964461219
"985";"40_MP_Malay";"53_TK_Tai_Kadai";30;84,862;4,25727158862461
"986";"40_MP_Malay";"Dummy";1200;92,2471416666667;4,38748092919129
"987";"41_MP_Polynesian";"00_IE_PIE";0;NA;NA
"988";"41_MP_Polynesian";"01_IE_Tocharian";0;NA;NA
"989";"41_MP_Polynesian";"02_IE_Indo_Aryan";60;93,1001666666667;3,41119765819526
"990";"41_MP_Polynesian";"03_IE_Iranian";33;90,8342424242424;4,93892892633554
"991";"41_MP_Polynesian";"04_IE_Baltic";6;89,3966666666667;3,10783954969793
"992";"41_MP_Polynesian";"05_IE_Slavic";33;88,7463636363636;2,72649594051346
"993";"41_MP_Polynesian";"06_IE_Germanic";54;86,9927777777778;3,3925225304332
"994";"41_MP_Polynesian";"07_IE_Celtic";15;90,7113333333333;2,3759294923
"995";"41_MP_Polynesian";"08_IE_Romance";36;90,195;3,24100557587566
"996";"41_MP_Polynesian";"08_IE_Sard_Romance";6;87,845;1,46044856123041
"997";"41_MP_Polynesian";"08_IE_East_Romance";9;86,5422222222222;4,24086305419598
"998";"41_MP_Polynesian";"09_IE_Greek";6;87,0116666666667;5,35335190947379
"999";"41_MP_Polynesian";"10_IE_Albanian";9;91,2533333333333;1,26017855877649
"1000";"41_MP_Polynesian";"11_IE_Armenian";6;91,13;4,86336097776013
"1001";"41_MP_Polynesian";"12_IE_Anatolian";0;NA;NA
"1002";"41_MP_Polynesian";"20_AA_Semitic";18;95,2961111111111;3,05482287710065
"1003";"41_MP_Polynesian";"21_AA_Berber";6;90,3083333333333;4,27286047825887
"1004";"41_MP_Polynesian";"23_AA_Chadic";6;90,0816666666667;3,21805790293877
"1005";"41_MP_Polynesian";"24_AA_Cushitic";9;85,7533333333333;6,67208737952374
"1006";"41_MP_Polynesian";"25_AA_Omotic";3;99,26;1,28171759760097
"1007";"41_MP_Polynesian";"30_AL_Mongolic";9;90,9211111111111;3,94082619651147
"1008";"41_MP_Polynesian";"31_AL_Turkic";39;95,5528205128205;3,31544547194836
"1009";"41_MP_Polynesian";"32_TU_Tungusic";6;95,7833333333333;2,39019385545748
"1010";"41_MP_Polynesian";"33_UR_Uralic";30;94,461;3,20981399181774
"1011";"41_MP_Polynesian";"50_CA_NE_Caucasian";15;95,3586666666667;3,33756512331684
"1012";"41_MP_Polynesian";"50_CA_NW_Caucasian";9;95,22;1,35511992089261
"1013";"41_MP_Polynesian";"51_KA_Kartvelian";3;93,5466666666667;4,20737843951948
"1014";"41_MP_Polynesian";"60_DR_Dravidian";15;97,194;2,82681496690938
"1015";"41_MP_Polynesian";"40_MP_Malay";18;80,2627777777778;4,29599102523375
"1016";"41_MP_Polynesian";"41_MP_Polynesian";6;51,7333333333333;9,49764742800377
"1017";"41_MP_Polynesian";"52_ST_Sino_Tibetan";15;92,5426666666667;3,28391853619741
"1018";"41_MP_Polynesian";"55_AU_Austroasiatic";9;85,8033333333333;6,61953359384179
"1019";"41_MP_Polynesian";"53_TK_Tai_Kadai";15;88,358;6,57125471819717
"1020";"41_MP_Polynesian";"Dummy";600;93,5936166666667;3,97364704914442
"1021";"52_ST_Sino_Tibetan";"00_IE_PIE";0;NA;NA
"1022";"52_ST_Sino_Tibetan";"01_IE_Tocharian";0;NA;NA
"1023";"52_ST_Sino_Tibetan";"02_IE_Indo_Aryan";100;92,2309;3,58724088424741
"1024";"52_ST_Sino_Tibetan";"03_IE_Iranian";55;93,6929090909091;3,3495923868807
"1025";"52_ST_Sino_Tibetan";"04_IE_Baltic";10;91,845;4,25596901095652
"1026";"52_ST_Sino_Tibetan";"05_IE_Slavic";55;90,5572727272727;4,64714785271387
"1027";"52_ST_Sino_Tibetan";"06_IE_Germanic";90;89,6068888888889;2,73265506337349
"1028";"52_ST_Sino_Tibetan";"07_IE_Celtic";25;93,656;3,66324651095173
"1029";"52_ST_Sino_Tibetan";"08_IE_Romance";60;93,3828333333333;2,6066863773873
"1030";"52_ST_Sino_Tibetan";"08_IE_Sard_Romance";10;89,637;2,7381301405643
"1031";"52_ST_Sino_Tibetan";"08_IE_East_Romance";15;93,7406666666667;2,83525374693762
"1032";"52_ST_Sino_Tibetan";"09_IE_Greek";10;91,329;3,60532152981302
"1033";"52_ST_Sino_Tibetan";"10_IE_Albanian";15;88,164;5,25995491561341
"1034";"52_ST_Sino_Tibetan";"11_IE_Armenian";10;89,217;3,78748245320468
"1035";"52_ST_Sino_Tibetan";"12_IE_Anatolian";0;NA;NA
"1036";"52_ST_Sino_Tibetan";"20_AA_Semitic";30;92,8846666666667;4,17863427064586
"1037";"52_ST_Sino_Tibetan";"21_AA_Berber";10;89,642;4,38679533752526
"1038";"52_ST_Sino_Tibetan";"23_AA_Chadic";9;89,97;6,00364472633083
"1039";"52_ST_Sino_Tibetan";"24_AA_Cushitic";15;88,02;4,44402970287103
"1040";"52_ST_Sino_Tibetan";"25_AA_Omotic";4;92,515;2,79039423737937
"1041";"52_ST_Sino_Tibetan";"30_AL_Mongolic";15;89,3366666666667;5,09417688103172
"1042";"52_ST_Sino_Tibetan";"31_AL_Turkic";65;86,5729230769231;5,54864390050536
"1043";"52_ST_Sino_Tibetan";"32_TU_Tungusic";10;92,871;3,58583772948836
"1044";"52_ST_Sino_Tibetan";"33_UR_Uralic";50;91,659;3,97578140182556
"1045";"52_ST_Sino_Tibetan";"50_CA_NE_Caucasian";25;94,2608;3,67558149594501
"1046";"52_ST_Sino_Tibetan";"50_CA_NW_Caucasian";15;91,0206666666667;4,08987856380439
"1047";"52_ST_Sino_Tibetan";"51_KA_Kartvelian";5;90,91;1,62860369642219
"1048";"52_ST_Sino_Tibetan";"60_DR_Dravidian";17;86,8970588235294;3,82205567186345
"1049";"52_ST_Sino_Tibetan";"40_MP_Malay";30;91,238;5,22880773645652
"1050";"52_ST_Sino_Tibetan";"41_MP_Polynesian";15;92,5426666666667;3,28391853619741
"1051";"52_ST_Sino_Tibetan";"52_ST_Sino_Tibetan";20;74,941;15,6171952802369
"1052";"52_ST_Sino_Tibetan";"55_AU_Austroasiatic";15;90,1153333333333;5,02000407892075
"1053";"52_ST_Sino_Tibetan";"53_TK_Tai_Kadai";23;86,0895652173913;9,46689181893733
"1054";"52_ST_Sino_Tibetan";"Dummy";1000;91,89899;4,6089972809534
"1055";"55_AU_Austroasiatic";"00_IE_PIE";0;NA;NA
"1056";"55_AU_Austroasiatic";"01_IE_Tocharian";0;NA;NA
"1057";"55_AU_Austroasiatic";"02_IE_Indo_Aryan";60;95,0725;3,56594800431688
"1058";"55_AU_Austroasiatic";"03_IE_Iranian";33;96,2554545454545;3,47158833506823
"1059";"55_AU_Austroasiatic";"04_IE_Baltic";6;95,0916666666667;4,09841148088704
"1060";"55_AU_Austroasiatic";"05_IE_Slavic";33;95,9069696969697;3,19055685269876
"1061";"55_AU_Austroasiatic";"06_IE_Germanic";54;91,8796296296296;4,82114366881261
"1062";"55_AU_Austroasiatic";"07_IE_Celtic";15;93,9606666666667;3,51395070025314
"1063";"55_AU_Austroasiatic";"08_IE_Romance";36;95,015;2,67531733765228
"1064";"55_AU_Austroasiatic";"08_IE_Sard_Romance";6;95,6933333333333;4,23066267464881
"1065";"55_AU_Austroasiatic";"08_IE_East_Romance";9;93,0755555555556;4,59083628305103
"1066";"55_AU_Austroasiatic";"09_IE_Greek";6;90,29;8,31218142246667
"1067";"55_AU_Austroasiatic";"10_IE_Albanian";9;93,4644444444445;1,28485515828742
"1068";"55_AU_Austroasiatic";"11_IE_Armenian";6;94,525;2,34138207048743
"1069";"55_AU_Austroasiatic";"12_IE_Anatolian";0;NA;NA
"1070";"55_AU_Austroasiatic";"20_AA_Semitic";18;91,3172222222222;3,80023808163702
"1071";"55_AU_Austroasiatic";"21_AA_Berber";6;86,77;2,1892373101151
"1072";"55_AU_Austroasiatic";"23_AA_Chadic";6;90,8916666666667;5,13990045299193
"1073";"55_AU_Austroasiatic";"24_AA_Cushitic";9;91,02;3,82735548388179
"1074";"55_AU_Austroasiatic";"25_AA_Omotic";3;91,9366666666667;1,55705919390797
"1075";"55_AU_Austroasiatic";"30_AL_Mongolic";9;93,1566666666667;2,87641704208552
"1076";"55_AU_Austroasiatic";"31_AL_Turkic";39;90,4464102564103;4,22414705633886
"1077";"55_AU_Austroasiatic";"32_TU_Tungusic";6;94,9766666666667;4,05156595240244
"1078";"55_AU_Austroasiatic";"33_UR_Uralic";30;94,2813333333333;3,09099552463819
"1079";"55_AU_Austroasiatic";"50_CA_NE_Caucasian";15;91,64;4,33007918106421
"1080";"55_AU_Austroasiatic";"50_CA_NW_Caucasian";9;89,28;4,42570050952389
"1081";"55_AU_Austroasiatic";"51_KA_Kartvelian";3;92,7533333333333;2,87507101361572
"1082";"55_AU_Austroasiatic";"60_DR_Dravidian";15;87,6113333333333;2,62064568561334
"1083";"55_AU_Austroasiatic";"40_MP_Malay";18;86,4472222222222;6,09637964461219
"1084";"55_AU_Austroasiatic";"41_MP_Polynesian";9;85,8033333333333;6,61953359384179
"1085";"55_AU_Austroasiatic";"52_ST_Sino_Tibetan";15;90,1153333333333;5,02000407892075
"1086";"55_AU_Austroasiatic";"55_AU_Austroasiatic";6;66,4766666666667;10,2390715724946
"1087";"55_AU_Austroasiatic";"53_TK_Tai_Kadai";15;88,206;4,67792505894898
"1088";"55_AU_Austroasiatic";"Dummy";600;91,7359666666667;4,38426128067023
"1089";"53_TK_Tai_Kadai";"00_IE_PIE";0;NA;NA
"1090";"53_TK_Tai_Kadai";"01_IE_Tocharian";0;NA;NA
"1091";"53_TK_Tai_Kadai";"02_IE_Indo_Aryan";99;92,2891919191919;3,91793773240924
"1092";"53_TK_Tai_Kadai";"03_IE_Iranian";55;94,7501818181818;3,42741317576989
"1093";"53_TK_Tai_Kadai";"04_IE_Baltic";10;91,966;5,23822107208163
"1094";"53_TK_Tai_Kadai";"05_IE_Slavic";55;93,6903636363636;2,39521510952052
"1095";"53_TK_Tai_Kadai";"06_IE_Germanic";90;90,2765555555556;3,38896496118134
"1096";"53_TK_Tai_Kadai";"07_IE_Celtic";25;95,1248;3,15398441129101
"1097";"53_TK_Tai_Kadai";"08_IE_Romance";60;90,9568333333333;3,15405549625341
"1098";"53_TK_Tai_Kadai";"08_IE_Sard_Romance";10;90,87;4,04960354712519
"1099";"53_TK_Tai_Kadai";"08_IE_East_Romance";14;92,57;4,59418696247267
"1100";"53_TK_Tai_Kadai";"09_IE_Greek";10;84,696;6,14179524967162
"1101";"53_TK_Tai_Kadai";"10_IE_Albanian";15;94,48;2,99486226728376
"1102";"53_TK_Tai_Kadai";"11_IE_Armenian";10;91,062;3,36064411815486
"1103";"53_TK_Tai_Kadai";"12_IE_Anatolian";0;NA;NA
"1104";"53_TK_Tai_Kadai";"20_AA_Semitic";30;89,194;4,8210669873537
"1105";"53_TK_Tai_Kadai";"21_AA_Berber";9;79,6155555555556;5,11950952511837
"1106";"53_TK_Tai_Kadai";"23_AA_Chadic";9;90,86;4,45070780887714
"1107";"53_TK_Tai_Kadai";"24_AA_Cushitic";15;88,1673333333333;3,648174625102
"1108";"53_TK_Tai_Kadai";"25_AA_Omotic";3;89,6233333333333;1,51064004095394
"1109";"53_TK_Tai_Kadai";"30_AL_Mongolic";15;93,4673333333333;3,78500701389549
"1110";"53_TK_Tai_Kadai";"31_AL_Turkic";64;92,08125;3,84444373336997
"1111";"53_TK_Tai_Kadai";"32_TU_Tungusic";9;90,5733333333333;2,47042506463969
"1112";"53_TK_Tai_Kadai";"33_UR_Uralic";50;95,3944;3,70655523005788
"1113";"53_TK_Tai_Kadai";"50_CA_NE_Caucasian";24;92,20875;4,34485133832838
"1114";"53_TK_Tai_Kadai";"50_CA_NW_Caucasian";14;92,4721428571429;4,57925452208348
"1115";"53_TK_Tai_Kadai";"51_KA_Kartvelian";5;88,23;3,12092133832303
"1116";"53_TK_Tai_Kadai";"60_DR_Dravidian";17;91,5005882352941;3,70605327570354
"1117";"53_TK_Tai_Kadai";"40_MP_Malay";30;84,862;4,25727158862461
"1118";"53_TK_Tai_Kadai";"41_MP_Polynesian";15;88,358;6,57125471819717
"1119";"53_TK_Tai_Kadai";"52_ST_Sino_Tibetan";23;86,0895652173913;9,46689181893733
"1120";"53_TK_Tai_Kadai";"55_AU_Austroasiatic";15;88,206;4,67792505894898
"1121";"53_TK_Tai_Kadai";"53_TK_Tai_Kadai";20;53,009;23,1299620906691
"1122";"53_TK_Tai_Kadai";"Dummy";1000;90,8983;5,1467968706787
"1123";"Dummy";"00_IE_PIE";0;NA;NA
"1124";"Dummy";"01_IE_Tocharian";0;NA;NA
"1125";"Dummy";"02_IE_Indo_Aryan";4000;90,0419275;4,94635005377272
"1126";"Dummy";"03_IE_Iranian";2200;91,7173954545455;4,64133890374779
"1127";"Dummy";"04_IE_Baltic";400;91,14905;4,8127834262795
"1128";"Dummy";"05_IE_Slavic";2200;91,0206772727273;4,75841539743289
"1129";"Dummy";"06_IE_Germanic";3600;91,3871777777778;4,82794459300388
"1130";"Dummy";"07_IE_Celtic";1000;91,32359;4,74718227493441
"1131";"Dummy";"08_IE_Romance";2400;91,2508041666667;4,4754632869864
"1132";"Dummy";"08_IE_Sard_Romance";400;91,265025;4,68769588723533
"1133";"Dummy";"08_IE_East_Romance";600;91,5586833333333;4,73031438949125
"1134";"Dummy";"09_IE_Greek";400;90,5391;5,17142890139713
"1135";"Dummy";"10_IE_Albanian";600;90,52785;4,94193681093139
"1136";"Dummy";"11_IE_Armenian";400;91,626475;4,08112309771732
"1137";"Dummy";"12_IE_Anatolian";0;NA;NA
"1138";"Dummy";"20_AA_Semitic";1200;92,5771416666667;4,42481704912143
"1139";"Dummy";"21_AA_Berber";400;90,9232;4,53460459766261
"1140";"Dummy";"23_AA_Chadic";400;90,8304;4,8991737158162
"1141";"Dummy";"24_AA_Cushitic";600;91,6213;4,72950391925027
"1142";"Dummy";"25_AA_Omotic";200;91,6133;4,84145147366565
"1143";"Dummy";"30_AL_Mongolic";600;90,5943833333333;4,63810726677227
"1144";"Dummy";"31_AL_Turkic";2600;90,6277192307692;4,57576676283736
"1145";"Dummy";"32_TU_Tungusic";400;92,4745;4,30937530726289
"1146";"Dummy";"33_UR_Uralic";2000;91,574335;4,42744559481226
"1147";"Dummy";"50_CA_NE_Caucasian";1000;92,02587;4,27135183397359
"1148";"Dummy";"50_CA_NW_Caucasian";600;92,7458166666667;4,40785264514265
"1149";"Dummy";"51_KA_Kartvelian";200;92,81675;4,04098499578765
"1150";"Dummy";"60_DR_Dravidian";1000;91,11526;5,0846560217245
"1151";"Dummy";"40_MP_Malay";1200;92,2471416666667;4,38748092919129
"1152";"Dummy";"41_MP_Polynesian";600;93,5936166666667;3,97364704914442
"1153";"Dummy";"52_ST_Sino_Tibetan";1000;91,89899;4,6089972809534
"1154";"Dummy";"55_AU_Austroasiatic";600;91,7359666666667;4,38426128067023
"1155";"Dummy";"53_TK_Tai_Kadai";1000;90,8983;5,1467968706787
"1156";"Dummy";"Dummy";39800;91,4914733668342;4,6942303284871
